rn,periode_data,triwulan,bulan,wilayah,kecamatan,kelurahan,jumlah_rata_rata_ketinggian_air,jumlah_rw_terdampak,jumlah_kk_terdampak,jumlah_jiwa_terdampak,jumlah_kejadian,jumlah_korban_meninggal,jumlah_korban_luka,jumlah_pengungsi,jumlah_tempat_pengungsian,nilai_kerugian
1,202406,2,6,KOTA ADM. JAKARTA UTARA,PENJARINGAN,PLUIT,10 s.d 60 cm,1,0,0,12,0,0,0,0,0
2,202403,1,1,kota adm. jakarta barat,cengkareng,cengkareng timur,30 s.d 40 cm,2,0,0,2,0,0,0,0,0
3,202403,1,1,kota adm. jakarta barat,kembangan,joglo,30 s.d 40 cm,1,0,0,1,0,0,0,0,0
4,202403,1,1,kota adm. jakarta barat,kali deres,kamal,30 cm,1,0,0,1,0,0,0,0,0
5,202403,1,1,kota adm. jakarta barat,cengkareng,kapuk,30 cm,1,0,0,1,0,0,0,0,0
6,202403,1,1,kota adm. jakarta barat,cengkareng,kedaung kali angke,30 s.d 40 cm,2,0,0,3,0,0,0,0,0
7,202403,1,1,kota adm. jakarta barat,kebon jeruk,kedoya selatan,30 cm,1,0,0,1,0,0,0,0,0
8,202403,1,1,kota adm. jakarta barat,kembangan,kembangan selatan,30 s.d 100 cm,3,0,0,2,0,0,0,0,0
9,202403,1,1,kota adm. jakarta barat,kembangan,kembangan utara,30 s.d 100 cm,1,24,95,1,0,0,30,1,0
10,202403,1,1,kota adm. jakarta barat,kali deres,pegadungan,40 cm,1,0,0,1,0,0,0,0,0
11,202403,1,1,kota adm. jakarta barat,cengkareng,rawa buaya,30 s.d 100 cm,3,0,0,4,0,0,0,0,0
12,202403,1,1,kota adm. jakarta barat,kali deres,semanan,30 s.d 40 cm,1,0,0,1,0,0,0,0,0
13,202403,1,1,kota adm. jakarta barat,kebon jeruk,sukabumi selatan,30 s.d 80 cm,1,0,0,2,0,0,0,0,0
14,202403,1,1,kota adm. jakarta barat,kali deres,tegal alur,30 s.d 35 cm,4,0,0,2,0,0,26,1,0
15,202403,1,1,kota adm. jakarta selatan,mampang prapatan,bangka,30 cm,1,0,0,1,0,0,0,0,0
16,202403,1,1,kota adm. jakarta selatan,pesanggrahan,bintaro,30 s.d 100 cm,1,30,60,1,0,0,0,0,0
17,202403,1,1,kota adm. jakarta selatan,jagakarsa,ciganjur,30 cm,1,0,0,1,0,0,0,0,0
18,202403,1,1,kota adm. jakarta selatan,cilandak,cilandak barat,40 s.d 150 cm,3,8,24,2,0,0,0,0,0
19,202403,1,1,kota adm. jakarta selatan,pasar minggu,cilandak timur,20 s.d 180 cm,2,314,975,8,0,0,55,2,0
20,202403,1,1,kota adm. jakarta selatan,kebayoran baru,cipete utara,30 s.d 35 cm,1,0,0,1,0,0,0,0,0
21,202403,1,1,kota adm. jakarta selatan,kebayoran lama,cipulir,30 s.d 100 cm,1,0,0,3,0,0,0,0,0
22,202403,1,1,kota adm. jakarta selatan,pancoran,duren tiga,30 s.d 50 cm,1,0,0,3,0,0,0,0,0
23,202403,1,1,kota adm. jakarta selatan,cilandak,gandaria selatan,30 cm,1,0,0,2,0,0,0,0,0
24,202403,1,1,kota adm. jakarta selatan,pasar minggu,jati padang,10 s.d 40 cm,1,0,0,1,0,0,0,0,0
25,202403,1,1,kota adm. jakarta selatan,pancoran,kalibata,40 s.d 60 cm,3,0,0,3,0,0,0,0,0
26,202403,1,1,kota adm. jakarta selatan,kebayoran lama,kebayoran lama utara,30 cm,1,0,0,1,0,0,0,0,0
27,202403,1,1,kota adm. jakarta selatan,kebayoran baru,kramat pela,40 cm,3,0,0,1,0,0,0,0,0
28,202403,1,1,kota adm. jakarta selatan,mampang prapatan,kuningan barat,30 s.d 120 cm,3,0,0,4,0,0,0,0,0
29,202403,1,1,kota adm. jakarta selatan,cilandak,lebak bulus,30 s.d 60 cm,4,10,30,2,0,0,0,0,0
30,202403,1,1,kota adm. jakarta selatan,pasar minggu,pejaten barat,30 s.d 150 cm,2,0,0,2,0,0,0,0,0
31,202403,1,1,kota adm. jakarta selatan,pasar minggu,pejaten timur,30 s.d 120 cm,3,0,0,2,0,0,0,0,0
32,202403,1,1,kota adm. jakarta selatan,mampang prapatan,pela mampang,20 s.d 100 cm,1,0,0,3,0,0,0,0,0
33,202403,1,1,kota adm. jakarta selatan,pesanggrahan,pesanggrahan,30 s.d 60 cm,2,40,160,1,0,0,0,0,0
34,202403,1,1,kota adm. jakarta selatan,kebayoran baru,petogogan,30 s.d 65 cm,2,0,0,2,0,0,0,0,0
35,202403,1,1,kota adm. jakarta selatan,kebayoran lama,pondok pinang,30 s.d 85 cm,2,0,0,3,0,0,0,0,0
36,202403,1,1,kota adm. jakarta selatan,pancoran,rawa jati,30 s.d 50 cm,2,0,0,2,0,0,0,0,0
37,202406,2,4,KOTA ADM. JAKARTA BARAT,KEBON JERUK,KEDOYA SELATAN,30 s.d 70 cm,1,0,0,1,0,0,0,0,0
38,202406,2,4,KOTA ADM. JAKARTA TIMUR,MAKASAR,CIPINANG MELAYU,35 s.d 40 cm,2,321,543,1,0,0,0,0,0
39,202406,2,4,KOTA ADM. JAKARTA TIMUR,JATINEGARA,KAMPUNG MELAYU,30 s.d 175 cm,3,85,266,4,0,0,10,1,0
40,202406,2,4,KOTA ADM. JAKARTA TIMUR,CIPAYUNG,LUBANG BUAYA,70 s.d 100 cm,1,0,0,1,0,0,0,0,0
41,202406,2,4,KOTA ADM. JAKARTA TIMUR,MAKASAR,MAKASAR,30 s.d 120 cm,3,0,0,1,0,0,0,0,0
42,202406,2,4,KOTA ADM. JAKARTA UTARA,PENJARINGAN,PLUIT,30 s.d 40 cm,1,0,0,1,0,0,0,0,0
43,202406,2,5,KOTA ADM. JAKARTA BARAT,KEBON JERUK,SUKABUMI SELATAN,50 s.d 80 cm,1,0,0,1,0,0,0,0,0
44,202406,2,5,KOTA ADM. JAKARTA BARAT,KEBON JERUK,SUKABUMI UTARA,30 cm,1,0,0,1,0,0,0,0,0
45,202406,2,5,KOTA ADM. JAKARTA SELATAN,TEBET,KEBON BARU,60 s.d 90 cm,1,0,0,1,0,0,0,0,0
46,202406,2,5,KOTA ADM. JAKARTA SELATAN,PASAR MINGGU,PEJATEN TIMUR,10 s.d 260 cm,4,42,150,1,0,0,0,0,0
47,202406,2,5,KOTA ADM. JAKARTA SELATAN,PANCORAN,PENGADEGAN,45 s.d 75 cm,1,0,0,1,0,0,0,0,0
48,202406,2,5,KOTA ADM. JAKARTA SELATAN,KEBAYORAN LAMA,PONDOK PINANG,30 s.d 40 cm,1,0,0,1,0,0,0,0,0
49,202406,2,5,KOTA ADM. JAKARTA SELATAN,PANCORAN,RAWA JATI,30 s.d 90 cm,2,0,0,1,0,0,0,0,0
50,202406,2,5,KOTA ADM. JAKARTA SELATAN,JAGAKARSA,TANJUNG BARAT,30 s.d 120 cm,1,0,0,1,0,0,0,0,0
51,202406,2,5,KOTA ADM. JAKARTA TIMUR,KRAMAT JATI,BALE KAMBANG,50 s.d 70 cm,1,0,0,1,0,0,0,0,0
52,202406,2,5,KOTA ADM. JAKARTA TIMUR,JATINEGARA,BIDARA CINA,40 s.d 190 cm,2,0,0,1,0,0,18,2,0
53,202406,2,5,KOTA ADM. JAKARTA TIMUR,KRAMAT JATI,CAWANG,30 s.d 280 cm,3,0,0,1,0,0,0,0,0
54,202406,2,5,KOTA ADM. JAKARTA TIMUR,KRAMAT JATI,CILILITAN,50 s.d 170 cm,2,0,0,1,0,0,0,0,0
55,202406,2,5,KOTA ADM. JAKARTA TIMUR,JATINEGARA,KAMPUNG MELAYU,30 s.d 210 cm,4,395,1198,2,0,0,35,1,0
56,202406,2,5,KOTA ADM. JAKARTA UTARA,TANJUNG PRIOK,PAPANGGO,10 cm,2,0,0,3,0,0,0,0,0
57,202406,2,5,KOTA ADM. JAKARTA UTARA,PENJARINGAN,PENJARINGAN,10 cm,1,0,0,1,0,0,0,0,0
58,202406,2,5,KOTA ADM. JAKARTA UTARA,PENJARINGAN,PLUIT,10 s.d 55 cm,1,0,0,11,0,0,0,0,0
59,202406,2,6,KOTA ADM. JAKARTA SELATAN,PASAR MINGGU,PEJATEN TIMUR,30 cm,3,0,0,1,0,0,0,0,0
60,202406,2,6,KOTA ADM. JAKARTA SELATAN,KEBAYORAN BARU,PULO,35 s.d 65 cm,1,0,0,1,0,0,0,0,0
61,202406,2,6,KOTA ADM. JAKARTA TIMUR,JATINEGARA,KAMPUNG MELAYU,40 cm,2,0,0,1,0,0,0,0,0
62,202406,2,6,KOTA ADM. JAKARTA UTARA,TANJUNG PRIOK,PAPANGGO,10 s.d 15 cm,1,0,0,10,0,0,0,0,0
63,202406,2,4,KOTA ADM. JAKARTA BARAT,KEMBANGAN,KEMBANGAN SELATAN,40 s.d 50 cm,1,0,0,1,0,0,0,0,0
64,202406,2,4,KOTA ADM. JAKARTA BARAT,CENGKARENG,RAWA BUAYA,30 cm,1,0,0,1,0,0,0,0,0
65,202406,2,4,KOTA ADM. JAKARTA BARAT,KEBON JERUK,SUKABUMI SELATAN,30 s.d 90 cm,1,0,0,5,0,0,0,0,0
66,202406,2,4,KOTA ADM. JAKARTA BARAT,KALI DERES,TEGAL ALUR,30 cm,1,0,0,1,0,0,0,0,0
67,202406,2,4,KOTA ADM. JAKARTA SELATAN,PESANGGRAHAN,BINTARO,30 s.d 60 cm,1,0,0,1,0,0,0,0,0
68,202406,2,4,KOTA ADM. JAKARTA SELATAN,CILANDAK,CILANDAK BARAT,70 cm,1,0,0,1,0,0,0,0,0
69,202406,2,4,KOTA ADM. JAKARTA SELATAN,PASAR MINGGU,CILANDAK TIMUR,40 s.d 175 cm,1,314,975,1,0,0,42,2,0
70,202406,2,4,KOTA ADM. JAKARTA SELATAN,KEBAYORAN LAMA,CIPULIR,40 s.d 90 cm,1,0,0,2,0,0,0,0,0
71,202406,2,4,KOTA ADM. JAKARTA SELATAN,PASAR MINGGU,JATI PADANG,50 cm,1,26,108,1,0,0,0,0,0
72,202406,2,4,KOTA ADM. JAKARTA SELATAN,PASAR MINGGU,KEBAGUSAN,35 s.d 160 cm,1,6,24,1,0,0,0,0,0
73,202406,2,4,KOTA ADM. JAKARTA SELATAN,CILANDAK,LEBAK BULUS,30 s.d 60 cm,2,10,30,1,0,0,0,0,0
74,202406,2,4,KOTA ADM. JAKARTA SELATAN,JAGAKARSA,LENTENG AGUNG,40 cm,1,0,0,1,0,0,0,0,0
75,202406,2,4,KOTA ADM. JAKARTA SELATAN,PASAR MINGGU,PEJATEN TIMUR,30 s.d 150 cm,3,0,0,3,0,0,0,0,0
76,202406,2,4,KOTA ADM. JAKARTA SELATAN,MAMPANG PRAPATAN,PELA MAMPANG,30 s.d 50 cm,2,0,0,3,0,0,0,0,0
77,202406,2,4,KOTA ADM. JAKARTA SELATAN,KEBAYORAN BARU,PETOGOGAN,50 s.d 70 cm,1,0,0,1,0,0,0,0,0
78,202406,2,4,KOTA ADM. JAKARTA SELATAN,KEBAYORAN LAMA,PONDOK PINANG,30 s.d 100 cm,2,0,0,2,0,0,0,0,0
79,202406,2,4,KOTA ADM. JAKARTA SELATAN,PASAR MINGGU,RAGUNAN,50 s.d 55 cm,1,0,0,1,0,0,0,0,0
80,202406,2,4,KOTA ADM. JAKARTA SELATAN,PANCORAN,RAWA JATI,30 s.d 50 cm,1,0,0,2,0,0,0,0,0
81,202406,2,4,KOTA ADM. JAKARTA TIMUR,KRAMAT JATI,BALE KAMBANG,30 cm,1,0,0,1,0,0,0,0,0
82,202406,2,4,KOTA ADM. JAKARTA TIMUR,PASAR REBO,BARU,50 cm,1,0,0,1,0,0,0,0,0
83,202406,2,4,KOTA ADM. JAKARTA TIMUR,JATINEGARA,BIDARA CINA,30 s.d 70 cm,2,0,0,3,0,0,0,0,0
84,202406,2,4,KOTA ADM. JAKARTA TIMUR,KRAMAT JATI,CAWANG,30 s.d 210 cm,2,0,0,4,0,0,0,0,0
85,202406,2,4,KOTA ADM. JAKARTA TIMUR,CIRACAS,CIBUBUR,70 cm,1,0,0,1,0,0,0,0,0
86,202406,2,4,KOTA ADM. JAKARTA TIMUR,KRAMAT JATI,CILILITAN,35 s.d 100 cm,1,0,0,3,0,0,0,0,0
87,202412,4,11,KOTA ADM. JAKARTA BARAT,KEMBANGAN,JOGLO,30 s.d 70 cm,2,0,0,2,0,0,0,0,0
88,202412,4,11,KOTA ADM. JAKARTA BARAT,CENGKARENG,KEDAUNG KALI ANGKE,50 s.d 60 cm,1,0,0,1,0,0,0,0,0
89,202412,4,11,KOTA ADM. JAKARTA BARAT,KEBON JERUK,KEDOYA SELATAN,30 s.d 80 cm,1,0,0,3,0,0,0,0,0
90,202412,4,11,KOTA ADM. JAKARTA BARAT,KEBON JERUK,KELAPA DUA,60 cm,1,0,0,2,0,0,0,0,0
91,202412,4,11,KOTA ADM. JAKARTA BARAT,CENGKARENG,RAWA BUAYA,30 s.d 60 cm,1,0,0,1,0,0,0,0,0
92,202412,4,11,KOTA ADM. JAKARTA BARAT,KEBON JERUK,SUKABUMI SELATAN,30 s.d 100 cm,1,0,0,4,0,0,0,0,0
93,202412,4,11,KOTA ADM. JAKARTA BARAT,KEBON JERUK,SUKABUMI UTARA,60 cm,2,0,0,2,0,0,0,0,0
94,202412,4,11,KOTA ADM. JAKARTA SELATAN,MAMPANG PRAPATAN,BANGKA,40 cm,1,0,0,1,0,0,0,0,0
95,202412,4,11,KOTA ADM. JAKARTA SELATAN,PESANGGRAHAN,BINTARO,50 s.d 90 cm,2,50,150,1,0,0,0,0,0
96,202412,4,11,KOTA ADM. JAKARTA SELATAN,CILANDAK,CILANDAK BARAT,30 s.d 80 cm,1,0,0,2,0,0,0,0,0
97,202412,4,11,KOTA ADM. JAKARTA SELATAN,PASAR MINGGU,CILANDAK TIMUR,30 s.d 180 cm,2,21,81,5,0,0,167,5,0
98,202412,4,11,KOTA ADM. JAKARTA SELATAN,KEBAYORAN LAMA,CIPULIR,50 cm,1,0,0,1,0,0,0,0,0
99,202412,4,11,KOTA ADM. JAKARTA SELATAN,PANCORAN,DUREN TIGA,40 cm,1,0,0,1,0,0,0,0,0
100,202412,4,11,KOTA ADM. JAKARTA SELATAN,CILANDAK,GANDARIA SELATAN,50 s.d 60 cm,1,0,0,2,0,0,0,0,0
101,202412,4,11,KOTA ADM. JAKARTA SELATAN,KEBAYORAN BARU,GANDARIA UTARA,40 s.d 90 cm,1,0,0,3,0,0,0,0,0
102,202412,4,11,KOTA ADM. JAKARTA SELATAN,TEBET,KEBON BARU,30 s.d 110 cm,1,241,832,1,0,0,0,0,0
103,202412,4,11,KOTA ADM. JAKARTA SELATAN,MAMPANG PRAPATAN,KUNINGAN BARAT,40 s.d 70 cm,1,0,0,2,0,0,0,0,0
104,202412,4,11,KOTA ADM. JAKARTA SELATAN,CILANDAK,LEBAK BULUS,30 s.d 40 cm,1,0,0,1,0,0,0,0,0
105,202412,4,11,KOTA ADM. JAKARTA SELATAN,PASAR MINGGU,PEJATEN BARAT,30 s.d 100 cm,1,12,30,1,0,0,30,1,0
106,202412,4,11,KOTA ADM. JAKARTA SELATAN,PASAR MINGGU,PEJATEN TIMUR,30 s.d 320 cm,4,80,240,4,0,0,0,0,0
107,202412,4,11,KOTA ADM. JAKARTA SELATAN,MAMPANG PRAPATAN,PELA MAMPANG,40 s.d 60 cm,2,0,0,3,0,0,0,0,0
108,202412,4,11,KOTA ADM. JAKARTA SELATAN,KEBAYORAN BARU,PETOGOGAN,30 s.d 50 cm,3,0,0,1,0,0,0,0,0
109,202412,4,11,KOTA ADM. JAKARTA SELATAN,KEBAYORAN LAMA,PONDOK PINANG,90 s.d 110 cm,2,150,400,1,0,0,0,0,0
110,202412,4,11,KOTA ADM. JAKARTA SELATAN,PANCORAN,RAWA JATI,30 s.d 300 cm,2,0,0,2,0,0,0,0,0
111,202412,4,11,KOTA ADM. JAKARTA SELATAN,JAGAKARSA,SRENGSENG SAWAH,30 s.d 40 cm,1,0,0,1,0,0,0,0,0
112,202412,4,11,KOTA ADM. JAKARTA SELATAN,JAGAKARSA,TANJUNG BARAT,40 s.d 250 cm,2,0,0,2,0,0,0,0,0
113,202412,4,11,KOTA ADM. JAKARTA TIMUR,KRAMAT JATI,BALE KAMBANG,50 s.d 200 cm,1,0,0,1,0,0,0,0,0
114,202412,4,11,KOTA ADM. JAKARTA TIMUR,JATINEGARA,BIDARA CINA,10 s.d 200 cm,4,10,43,4,0,0,43,2,0
115,202412,4,11,KOTA ADM. JAKARTA TIMUR,KRAMAT JATI,CAWANG,40 s.d 220 cm,1,0,0,4,0,0,0,0,0
116,202412,4,11,KOTA ADM. JAKARTA TIMUR,KRAMAT JATI,CILILITAN,40 s.d 200 cm,1,0,0,4,0,0,0,0,0
117,202412,4,11,KOTA ADM. JAKARTA TIMUR,JATINEGARA,CIPINANG MUARA,40 s.d 45 cm,1,0,0,1,0,0,0,0,0
118,202412,4,11,KOTA ADM. JAKARTA TIMUR,PASAR REBO,GEDONG,00 s.d 150 cm,2,0,0,1,0,0,0,0,0
119,202412,4,11,KOTA ADM. JAKARTA TIMUR,JATINEGARA,KAMPUNG MELAYU,25 s.d 250 cm,5,619,1954,4,0,0,163,2,0
120,202412,4,11,KOTA ADM. JAKARTA TIMUR,CIPAYUNG,LUBANG BUAYA,30 s.d 90 cm,1,50,250,2,0,0,0,0,0
121,202412,4,11,KOTA ADM. JAKARTA TIMUR,CIRACAS,SUSUKAN,30 s.d 35 cm,1,0,0,1,0,0,0,0,0
122,202412,4,11,KOTA ADM. JAKARTA UTARA,CILINCING,MARUNDA,10 s.d 20 cm,1,0,0,4,0,0,0,0,0
123,202412,4,11,KOTA ADM. JAKARTA UTARA,PENJARINGAN,PLUIT,10 s.d 90 cm,1,1,2,9,0,0,2,1,0
124,202412,4,12,KAB. ADM. KEP. SERIBU,KEP. SERIBU UTARA,P. HARAPAN,15 s.d 20 cm,2,0,0,2,0,0,0,0,0
125,202412,4,12,KAB. ADM. KEP. SERIBU,KEP. SERIBU UTARA,P. KELAPA,25 s.d 40 cm,1,0,0,2,0,0,0,0,0
126,202412,4,12,KAB. ADM. KEP. SERIBU,KEP. SERIBU UTARA,P. PANGGANG,20 s.d 40 cm,3,0,0,4,0,0,0,0,0
127,202412,4,12,KAB. ADM. KEP. SERIBU,KEP. SERIBU SELATAN,P. PARI,10 s.d 15 cm,1,0,0,2,0,0,0,0,0
128,202412,4,12,KAB. ADM. KEP. SERIBU,KEP. SERIBU SELATAN,P. UNTUNG JAWA,10 cm,1,0,0,2,0,0,0,0,0
129,202412,4,12,KOTA ADM. JAKARTA BARAT,KEMBANGAN,JOGLO,20 s.d 70 cm,2,0,0,1,0,0,0,0,0
130,202412,4,12,KOTA ADM. JAKARTA BARAT,CENGKARENG,KEDAUNG KALI ANGKE,25 cm,1,0,0,1,0,0,0,0,0
131,202412,4,12,KOTA ADM. JAKARTA UTARA,CILINCING,MARUNDA,10 s.d 40 cm,1,0,0,8,0,0,0,0,0
132,202412,4,12,KOTA ADM. JAKARTA UTARA,PENJARINGAN,PLUIT,10 s.d 140 cm,1,0,0,20,0,0,0,0,0
133,202403,1,1,kota adm. jakarta selatan,jagakarsa,srengseng sawah,30 cm,1,0,0,1,0,0,0,0,0
134,202403,1,1,kota adm. jakarta timur,kramat jati,bale kambang,30 cm,1,0,0,1,0,0,0,0,0
135,202403,1,1,kota adm. jakarta timur,jatinegara,bidara cina,30 s.d 80 cm,2,0,0,2,0,0,0,0,0
136,202403,1,1,kota adm. jakarta timur,kramat jati,cawang,30 s.d 180 cm,3,0,0,2,0,0,0,0,0
137,202403,1,1,kota adm. jakarta timur,kramat jati,cililitan,30 s.d 80 cm,2,0,0,2,0,0,0,0,0
138,202403,1,1,kota adm. jakarta timur,jatinegara,cipinang muara,30 s.d 40 cm,1,0,0,2,0,0,0,0,0
139,202403,1,1,kota adm. jakarta timur,kramat jati,dukuh,40 s.d 80 cm,2,0,0,1,0,0,0,0,0
140,202403,1,1,kota adm. jakarta timur,makasar,halim perdana kusumah,30 cm,1,0,0,1,0,0,0,0,0
141,202403,1,1,kota adm. jakarta timur,jatinegara,kampung melayu,30 s.d 110 cm,4,0,0,3,0,0,0,0,0
142,202403,1,1,kota adm. jakarta timur,makasar,kebon pala,30 s.d 35 cm,2,0,0,2,0,0,0,0,0
143,202403,1,1,kota adm. jakarta timur,cipayung,lubang buaya,30 cm,1,0,0,1,0,0,0,0,0
144,202403,1,1,kota adm. jakarta timur,makasar,makasar,30 s.d 70 cm,3,0,0,1,0,0,23,1,0
145,202403,1,1,kota adm. jakarta timur,ciracas,rambutan,30 s.d 40 cm,2,0,0,2,0,0,0,0,0
146,202403,1,1,kota adm. jakarta timur,cakung,rawa terate,30 cm,1,270,600,1,0,0,0,0,0
147,202403,1,1,kota adm. jakarta utara,tanjung priok,kebon bawang,40 s.d 60 cm,1,0,0,1,0,0,0,0,0
148,202403,1,1,kota adm. jakarta utara,tanjung priok,papanggo,10 cm,1,0,0,2,0,0,0,0,0
149,202403,1,1,kota adm. jakarta utara,penjaringan,pluit,10 s.d 15 cm,1,0,0,3,0,0,0,0,0
150,202403,1,1,kota adm. jakarta utara,cilincing,semper barat,30 s.d 80 cm,2,34,76,1,0,0,76,1,0
151,202403,1,1,kota adm. jakarta utara,cilincing,semper timur,10 s.d 30 cm,2,12,44,1,0,0,44,1,0
152,202403,1,2,kota adm. jakarta barat,kebon jeruk,duri kepa,30 cm,1,0,0,1,0,0,0,0,0
153,202403,1,2,kota adm. jakarta barat,cengkareng,duri kosambi,30 s.d 60 cm,1,0,0,1,0,0,0,0,0
154,202403,1,2,kota adm. jakarta barat,grogol petamburan,jelambar baru,30 s.d 50 cm,2,0,0,1,0,0,0,0,0
155,202403,1,2,kota adm. jakarta barat,kembangan,joglo,30 s.d 120 cm,2,0,0,2,0,0,0,0,0
156,202403,1,2,kota adm. jakarta barat,cengkareng,kapuk,30 s.d 50 cm,1,0,0,1,0,0,0,0,0
157,202403,1,2,kota adm. jakarta barat,cengkareng,kedaung kali angke,30 s.d 60 cm,1,50,223,1,0,0,223,2,0
158,202403,1,2,kota adm. jakarta barat,kebon jeruk,kedoya selatan,40 cm,1,0,0,1,0,0,0,0,0
159,202403,1,2,kota adm. jakarta barat,kebon jeruk,kedoya utara,30 s.d 40 cm,1,0,0,1,0,0,0,0,0
160,202403,1,2,kota adm. jakarta barat,kebon jeruk,kelapa dua,60 cm,1,0,0,1,0,0,0,0,0
161,202403,1,2,kota adm. jakarta barat,kembangan,kembangan selatan,00 s.d 180 cm,1,0,0,1,0,0,0,0,0
162,202403,1,2,kota adm. jakarta barat,kembangan,kembangan utara,30 s.d 90 cm,2,0,0,1,0,0,0,0,0
163,202403,1,2,kota adm. jakarta barat,taman sari,mangga besar,30 cm,1,0,0,1,0,0,0,0,0
164,202403,1,2,kota adm. jakarta barat,cengkareng,rawa buaya,30 s.d 80 cm,3,0,0,2,0,0,0,0,0
165,202403,1,2,kota adm. jakarta barat,kembangan,srengseng,50 cm,1,0,0,1,0,0,0,0,0
166,202403,1,2,kota adm. jakarta barat,kebon jeruk,sukabumi selatan,30 s.d 160 cm,1,26,78,2,0,0,0,0,0
167,202403,1,2,kota adm. jakarta barat,kebon jeruk,sukabumi utara,30 s.d 120 cm,2,0,0,3,0,0,0,0,0
168,202403,1,2,kota adm. jakarta barat,kali deres,tegal alur,30 s.d 45 cm,5,11,41,3,0,0,41,1,0
169,202403,1,2,kota adm. jakarta selatan,kebayoran lama,cipulir,10 s.d 30 cm,1,0,0,1,0,0,0,0,0
170,202403,1,2,kota adm. jakarta selatan,mampang prapatan,kuningan barat,40 s.d 60 cm,1,0,0,1,0,0,0,0,0
171,202403,1,2,kota adm. jakarta selatan,pancoran,pancoran,50 cm,1,0,0,1,0,0,0,0,0
172,202403,1,2,kota adm. jakarta selatan,mampang prapatan,pela mampang,30 cm,1,0,0,1,0,0,0,0,0
173,202403,1,2,kota adm. jakarta selatan,mampang prapatan,tegal parang,80 cm,3,0,0,1,0,0,0,0,0
174,202403,1,2,kota adm. jakarta timur,jatinegara,bidara cina,40 cm,1,0,0,1,0,0,0,0,0
175,202403,1,2,kota adm. jakarta timur,kramat jati,cawang,30 s.d 50 cm,1,0,0,1,0,0,0,0,0
176,202403,1,2,kota adm. jakarta timur,kramat jati,cililitan,40 s.d 50 cm,1,0,0,1,0,0,0,0,0
177,202403,1,2,kota adm. jakarta timur,makasar,cipinang melayu,50 s.d 70 cm,2,0,0,1,0,0,0,0,0
178,202403,1,2,kota adm. jakarta timur,jatinegara,cipinang muara,30 s.d 60 cm,1,0,0,1,0,0,0,0,0
179,202403,1,2,kota adm. jakarta timur,kramat jati,dukuh,30 s.d 50 cm,1,0,0,1,0,0,0,0,0
180,202403,1,2,kota adm. jakarta timur,jatinegara,kampung melayu,30 s.d 100 cm,4,0,0,1,0,0,0,0,0
181,202403,1,2,kota adm. jakarta timur,makasar,makasar,30 cm,1,0,0,1,0,0,0,0,0
182,202403,1,2,kota adm. jakarta timur,ciracas,rambutan,30 s.d 50 cm,1,0,0,1,0,0,0,0,0
183,202403,1,2,kota adm. jakarta timur,cakung,rawa terate,25 s.d 120 cm,2,15,47,3,0,0,47,1,0
184,202403,1,2,kota adm. jakarta utara,kelapa gading,pegangsaan dua,40 s.d 70 cm,1,0,0,1,0,0,0,0,0
185,202403,1,2,kota adm. jakarta utara,penjaringan,pluit,10 s.d 40 cm,1,0,0,2,0,0,0,0,0
186,202403,1,2,kota adm. jakarta utara,koja,rawa badak selatan,0 cm,1,0,0,1,0,0,0,0,0
187,202403,1,2,kota adm. jakarta utara,cilincing,semper barat,45 cm,1,0,0,1,0,0,0,0,0
188,202403,1,3,kota adm. jakarta barat,cengkareng,cengkareng barat,30 s.d 60 cm,2,0,0,1,0,0,0,0,0
189,202403,1,3,kota adm. jakarta barat,cengkareng,cengkareng timur,30 s.d 55 cm,1,0,0,2,0,0,0,0,0
190,202403,1,3,kota adm. jakarta barat,cengkareng,duri kosambi,30 s.d 60 cm,3,0,0,1,0,0,0,0,0
191,202403,1,3,kota adm. jakarta barat,kembangan,joglo,25 s.d 80 cm,1,0,0,1,0,0,0,0,0
192,202403,1,3,kota adm. jakarta barat,kali deres,kalideres,30 s.d 40 cm,1,0,0,1,0,0,0,0,0
193,202403,1,3,kota adm. jakarta barat,kali deres,kamal,30 s.d 40 cm,2,0,0,2,0,0,0,0,0
194,202403,1,3,kota adm. jakarta barat,cengkareng,kapuk,30 s.d 60 cm,3,0,0,1,0,0,0,0,0
195,202403,1,3,kota adm. jakarta barat,cengkareng,kedaung kali angke,30 s.d 35 cm,1,0,0,1,0,0,0,0,0
196,202403,1,3,kota adm. jakarta barat,kali deres,pegadungan,30 s.d 50 cm,1,0,0,1,0,0,0,0,0
197,202403,1,3,kota adm. jakarta barat,cengkareng,rawa buaya,30 s.d 50 cm,2,0,0,1,0,0,0,0,0
198,202403,1,3,kota adm. jakarta barat,kali deres,semanan,20 s.d 50 cm,1,0,0,1,0,0,0,0,0
199,202403,1,3,kota adm. jakarta barat,kebon jeruk,sukabumi selatan,30 s.d 70 cm,1,0,0,4,0,0,0,0,0
200,202403,1,3,kota adm. jakarta barat,kali deres,tegal alur,30 s.d 70 cm,3,131,470,1,0,0,470,6,0
201,202403,1,3,kota adm. jakarta selatan,pesanggrahan,bintaro,30 cm,1,0,0,1,0,0,0,0,0
202,202403,1,3,kota adm. jakarta selatan,pasar minggu,cilandak timur,40 s.d 100 cm,1,314,975,3,0,0,0,0,0
203,202403,1,3,kota adm. jakarta selatan,cilandak,gandaria selatan,30 cm,1,0,0,1,0,0,0,0,0
204,202403,1,3,kota adm. jakarta selatan,tebet,manggarai,50 cm,1,0,0,1,0,0,0,0,0
205,202403,1,3,kota adm. jakarta selatan,pasar minggu,pejaten timur,30 s.d 130 cm,3,0,0,5,0,0,0,0,0
206,202403,1,3,kota adm. jakarta selatan,cilandak,pondok labu,40 cm,1,0,0,1,0,0,0,0,0
207,202403,1,3,kota adm. jakarta selatan,kebayoran lama,pondok pinang,30 s.d 38 cm,1,0,0,1,0,0,0,0,0
208,202403,1,3,kota adm. jakarta selatan,pancoran,rawa jati,30 s.d 40 cm,1,0,0,2,0,0,0,0,0
209,202403,1,3,kota adm. jakarta selatan,jagakarsa,tanjung barat,30 s.d 80 cm,1,6,15,2,0,0,0,0,0
210,202403,1,3,kota adm. jakarta timur,kramat jati,bale kambang,40 s.d 100 cm,1,0,0,2,0,0,0,0,0
211,202403,1,3,kota adm. jakarta timur,jatinegara,bidara cina,30 s.d 130 cm,2,0,0,4,0,0,0,0,0
212,202403,1,3,kota adm. jakarta timur,kramat jati,cawang,30 s.d 220 cm,2,0,0,5,0,0,0,0,0
213,202403,1,3,kota adm. jakarta timur,kramat jati,cililitan,30 s.d 150 cm,2,0,0,5,0,0,0,0,0
214,202403,1,3,kota adm. jakarta timur,jatinegara,kampung melayu,30 s.d 160 cm,4,392,1228,5,0,0,0,0,0
215,202403,1,3,kota adm. jakarta timur,cakung,rawa terate,40 s.d 50 cm,1,0,0,1,0,0,0,0,0
216,202403,1,3,kota adm. jakarta utara,cilincing,semper barat,30 s.d 50 cm,1,98,368,1,0,0,0,0,0
217,202409,3,7,KOTA ADM. JAKARTA BARAT,KEMBANGAN,JOGLO,40 s.d 80 cm,1,0,0,2,0,0,0,0,0
218,202409,3,7,KOTA ADM. JAKARTA BARAT,CENGKARENG,KAPUK,30 s.d 40 cm,2,0,0,1,0,0,0,0,0
219,202409,3,7,KOTA ADM. JAKARTA BARAT,CENGKARENG,KEDAUNG KALI ANGKE,30 s.d 45 cm,2,0,0,2,0,0,0,0,0
220,202409,3,7,KOTA ADM. JAKARTA BARAT,KEBON JERUK,KEDOYA SELATAN,30 s.d 50 cm,1,0,0,1,0,0,0,0,0
221,202409,3,7,KOTA ADM. JAKARTA BARAT,KEMBANGAN,KEMBANGAN UTARA,50 s.d 70 cm,1,0,0,1,0,0,0,0,0
222,202409,3,7,KOTA ADM. JAKARTA BARAT,CENGKARENG,RAWA BUAYA,30 s.d 80 cm,1,0,0,1,0,0,0,0,0
223,202409,3,7,KOTA ADM. JAKARTA BARAT,KEBON JERUK,SUKABUMI SELATAN,30 s.d 120 cm,1,0,0,2,0,0,0,0,0
224,202409,3,7,KOTA ADM. JAKARTA BARAT,KEBON JERUK,SUKABUMI UTARA,30 s.d 50 cm,2,0,0,2,0,0,0,0,0
225,202409,3,7,KOTA ADM. JAKARTA SELATAN,PESANGGRAHAN,BINTARO,35 cm,1,0,0,1,0,0,0,0,0
226,202409,3,7,KOTA ADM. JAKARTA SELATAN,PASAR MINGGU,CILANDAK TIMUR,30 cm,1,0,0,1,0,0,0,0,0
227,202409,3,7,KOTA ADM. JAKARTA SELATAN,KEBAYORAN BARU,GANDARIA UTARA,30 cm,1,0,0,1,0,0,0,0,0
228,202409,3,7,KOTA ADM. JAKARTA SELATAN,PANCORAN,KALIBATA,30 s.d 60 cm,2,0,0,1,0,0,0,0,0
229,202409,3,7,KOTA ADM. JAKARTA SELATAN,KEBAYORAN BARU,KRAMAT PELA,30 s.d 60 cm,4,0,0,1,0,0,0,0,0
230,202409,3,7,KOTA ADM. JAKARTA SELATAN,MAMPANG PRAPATAN,KUNINGAN BARAT,30 s.d 100 cm,3,0,0,1,0,0,0,0,0
231,202409,3,7,KOTA ADM. JAKARTA SELATAN,MAMPANG PRAPATAN,PELA MAMPANG,30 s.d 70 cm,2,0,0,2,0,0,0,0,0
232,202409,3,7,KOTA ADM. JAKARTA SELATAN,PESANGGRAHAN,PESANGGRAHAN,30 s.d 70 cm,2,0,0,1,0,0,0,0,0
233,202409,3,7,KOTA ADM. JAKARTA SELATAN,KEBAYORAN BARU,PETOGOGAN,30 s.d 50 cm,2,0,0,2,0,0,0,0,0
234,202409,3,7,KOTA ADM. JAKARTA SELATAN,PESANGGRAHAN,PETUKANGAN UTARA,30 cm,1,0,0,1,0,0,0,0,0
235,202409,3,7,KOTA ADM. JAKARTA TIMUR,JATINEGARA,BIDARA CINA,30 s.d 55 cm,2,0,0,1,0,0,0,0,0
236,202409,3,7,KOTA ADM. JAKARTA TIMUR,KRAMAT JATI,CAWANG,30 s.d 35 cm,1,0,0,1,0,0,0,0,0
237,202409,3,7,KOTA ADM. JAKARTA TIMUR,KRAMAT JATI,CILILITAN,30 cm,1,0,0,1,0,0,0,0,0
238,202409,3,7,KOTA ADM. JAKARTA TIMUR,MAKASAR,CIPINANG MELAYU,30 s.d 40 cm,2,0,0,1,0,0,0,0,0
239,202409,3,7,KOTA ADM. JAKARTA TIMUR,JATINEGARA,CIPINANG MUARA,30 s.d 60 cm,1,0,0,1,0,0,0,0,0
240,202409,3,7,KOTA ADM. JAKARTA TIMUR,JATINEGARA,KAMPUNG MELAYU,30 s.d 80 cm,4,0,0,1,0,0,0,0,0
241,202409,3,7,KOTA ADM. JAKARTA TIMUR,CIRACAS,RAMBUTAN,30 s.d 50 cm,2,0,0,1,0,0,0,0,0
242,202409,3,7,KOTA ADM. JAKARTA UTARA,PENJARINGAN,KAPUK MUARA,10 cm,1,0,0,1,0,0,0,0,0
243,202409,3,7,KOTA ADM. JAKARTA UTARA,TANJUNG PRIOK,PAPANGGO,10 s.d 20 cm,1,0,0,3,0,0,0,0,0
244,202409,3,7,KOTA ADM. JAKARTA UTARA,PENJARINGAN,PENJARINGAN,15 cm,1,0,0,1,0,0,0,0,0
245,202409,3,7,KOTA ADM. JAKARTA UTARA,PENJARINGAN,PLUIT,10 s.d 60 cm,3,0,0,7,0,0,0,0,0
246,202409,3,8,KOTA ADM. JAKARTA BARAT,KEBON JERUK,SUKABUMI SELATAN,60 s.d 70 cm,1,0,0,1,0,0,0,0,0
247,202409,3,8,KOTA ADM. JAKARTA TIMUR,JATINEGARA,BIDARA CINA,30 cm,1,0,0,1,0,0,0,0,0
248,202409,3,8,KOTA ADM. JAKARTA TIMUR,KRAMAT JATI,CAWANG,30 cm,1,0,0,1,0,0,0,0,0
249,202409,3,8,KOTA ADM. JAKARTA TIMUR,JATINEGARA,KAMPUNG MELAYU,50 s.d 75 cm,2,0,0,1,0,0,0,0,0
250,202409,3,8,KOTA ADM. JAKARTA UTARA,TANJUNG PRIOK,PAPANGGO,10 cm,1,0,0,1,0,0,0,0,0
251,202409,3,8,KOTA ADM. JAKARTA UTARA,PENJARINGAN,PLUIT,10 cm,1,0,0,1,0,0,0,0,0
252,202409,3,9,KOTA ADM. JAKARTA BARAT,KEBON JERUK,DURI KEPA,40 cm,1,0,0,1,0,0,0,0,0
253,202409,3,9,KOTA ADM. JAKARTA BARAT,KEBON JERUK,SUKABUMI SELATAN,40 s.d 110 cm,1,0,0,2,0,0,0,0,0
254,202409,3,9,KOTA ADM. JAKARTA BARAT,KEBON JERUK,SUKABUMI UTARA,40 s.d 50 cm,1,0,0,1,0,0,0,0,0
255,202409,3,9,KOTA ADM. JAKARTA SELATAN,CILANDAK,CILANDAK BARAT,40 cm,1,0,0,1,0,0,0,0,0
256,202409,3,9,KOTA ADM. JAKARTA SELATAN,PASAR MINGGU,CILANDAK TIMUR,30 s.d 50 cm,1,0,0,1,0,0,0,0,0
257,202409,3,9,KOTA ADM. JAKARTA SELATAN,MAMPANG PRAPATAN,PELA MAMPANG,30 s.d 50 cm,1,0,0,1,0,0,0,0,0
258,202409,3,9,KOTA ADM. JAKARTA SELATAN,MAMPANG PRAPATAN,TEGAL PARANG,40 cm,1,0,0,1,0,0,0,0,0
259,202409,3,9,KOTA ADM. JAKARTA TIMUR,JATINEGARA,CIPINANG MUARA,30 s.d 40 cm,1,0,0,1,0,0,0,0,0
260,202409,3,9,KOTA ADM. JAKARTA TIMUR,CIPAYUNG,LUBANG BUAYA,30 s.d 90 cm,2,50,250,5,0,0,0,0,0
