rn,periode_data,wilayah,kecamatan,kelurahan,latitude,longitude
1,2024,Kota Adm. Jakarta Selatan,Mampang Prapatan,Bangka,-6214879,106819983
2,2024,Kota Adm. Jakarta Pusat,Tanah Abang,Bendungan Hilir,-6201581,106808297
3,2024,Kota Adm. Jakarta Pusat,Tanah Abang,Bendungan Hilir,-6208086,106808687
4,2024,Kota Adm. Jakarta Pusat,Tanah Abang,Bendungan Hilir,-6207986,106808755
5,2024,Kota Adm. Jakarta Pusat,Tanah Abang,Bendungan Hilir,-6200481,106810587
6,2024,Kota Adm. Jakarta Pusat,Tanah Abang,Bendungan Hilir,-6199486,106813522
7,2024,Kota Adm. Jakarta Pusat,Tanah Abang,Bendungan Hilir,-6214857,106815124
8,2024,Kota Adm. Jakarta Timur,Jatinegara,Bidara Cina,-6240897,106866261
9,2024,Kota Adm. Jakarta Pusat,Senen,Bungur,-6168909,106846348
10,2024,Kota Adm. Jakarta Pusat,Senen,Bungur,-6168901,106846352
11,2024,Kota Adm. Jakarta Timur,Cakung,Cakung Barat,-6174049,106939457
12,2024,Kota Adm. Jakarta Pusat,Kemayoran,Cempaka Baru,-6170335,106860745
13,2024,Kota Adm. Jakarta Pusat,Kemayoran,Cempaka Baru,-6172293,106860909
14,2024,Kota Adm. Jakarta Pusat,Cempaka Putih,Cempaka Putih Barat,-6183807,106867573
15,2024,Kota Adm. Jakarta Pusat,Cempaka Putih,Cempaka Putih Timur,-6173712,106870379
16,2024,Kota Adm. Jakarta Timur,Ciracas,Cibubur,-6350042,106876385
17,2024,Kota Adm. Jakarta Selatan,Jagakarsa,Ciganjur,-6324882,106804457
18,2024,Kota Adm. Jakarta Selatan,Pancoran,Cikoko,-6245382,106852330
19,2024,Kota Adm. Jakarta Selatan,Cilandak,Cilandak Barat,-6282455,106791809
20,2024,Kota Adm. Jakarta Selatan,Cilandak,Cilandak Barat,-6285200,106816500
21,2024,Kota Adm. Jakarta Timur,Cipayung,Cilangkap,-6333835,106903111
22,2024,Kota Adm. Jakarta Timur,Kramatjati,Cililitan,-6259398,106865302
23,2024,Kota Adm. Jakarta Selatan,Cilandak,Cipete Selatan,-6274007,106798651
24,2024,Kota Adm. Jakarta Selatan,Kebayoran Baru,Cipete Utara,-6266900,106797200
25,2024,Kota Adm. Jakarta Timur,Pulogadung,Cipinang,-6210873,106898512
26,2024,Kota Adm. Jakarta Timur,Jatinegara,Cipinang Besar Selatan,-6235883,106878484
27,2024,Kota Adm. Jakarta Timur,Makasar,Cipinang Melayu,-6252134,106872832
28,2024,Kota Adm. Jakarta Timur,Jatinegara,Cipinang Muara,-6237389,106891973
29,2024,Kota Adm. Jakarta Timur,Ciracas,Ciracas,-6334218,106875612
30,2024,Kota Adm. Jakarta Timur,Duren Sawit,Duren Sawit,-6229540,106909939
31,2024,Kota Adm. Jakarta Barat,Kebon Jeruk,Duri Kepa,-6188200,106773600
32,2024,Kota Adm. Jakarta Barat,Kebon Jeruk,Duri Kepa,-6190500,106777800
33,2024,Kota Adm. Jakarta Pusat,Johar Baru,Galur,-6181500,106865000
34,2024,Kota Adm. Jakarta Pusat,Johar Baru,Galur,-6180800,106865300
35,2024,Kota Adm. Jakarta Selatan,Cilandak,Gandaria Selatan,-6270603,106794008
36,2024,Kota Adm. Jakarta Selatan,Cilandak,Gandaria Selatan,-6270574,106794031
37,2024,Kota Adm. Jakarta Timur,Pasar Rebo,Gedong,-6330614,106900151
38,2024,Kota Adm. Jakarta Pusat,Tanah Abang,Gelora,-6207666,106796311
39,2024,Kota Adm. Jakarta Pusat,Tanah Abang,Gelora,-6213994,106798204
40,2024,Kota Adm. Jakarta Barat,Taman Sari,Glodok,-6146278,106812754
41,2024,Kota Adm. Jakarta Selatan,Kebayoran Baru,Gunung,-6234800,106788432
42,2024,Kota Adm. Jakarta Pusat,Kemayoran,Gunung Sahari Selatan,-6162319,106842265
43,2024,Kota Adm. Jakarta Pusat,Kemayoran,Gunung Sahari Selatan,-6157092,106846986
44,2024,Kota Adm. Jakarta Pusat,Sawah Besar,Gunung Sahari Utara,-6152995,106838638
45,2024,Kota Adm. Jakarta Pusat,Sawah Besar,Gunung Sahari Utara,-6153002,106838645
46,2024,Kota Adm. Jakarta Pusat,Kemayoran,Harapan Mulya,-6167877,106857622
47,2024,Kota Adm. Jakarta Selatan,Jagakarsa,Jagakarsa,-6332747,106817370
48,2024,Kota Adm. Jakarta Selatan,Pasar Minggu,Jati Padang,-6285610,106834860
49,2024,Kota Adm. Jakarta Barat,Kembangan,Joglo,-6220500,106758900
50,2024,Kota Adm. Jakarta Selatan,Pancoran,Kalibata,-6260452,106846903
51,2024,Kota Adm. Jakarta Barat,Kalideres,Kalideres,-6149429,106711682
52,2024,Kota Adm. Jakarta Utara,Penjaringan,Kamal Muara,-6098122,106714183
53,2024,Kota Adm. Jakarta Utara,Penjaringan,Kamal Muara,-6098124,106714198
54,2024,Kota Adm. Jakarta Pusat,Tanah Abang,Kampung Bali,-6186117,106811091
55,2024,Kota Adm. Jakarta Pusat,Tanah Abang,Kampung Bali,-6184936,106812860
56,2024,Kota Adm. Jakarta Timur,Jatinegara,Kampung Melayu,-6216456,106857421
57,2024,Kota Adm. Jakarta Pusat,Johar Baru,Kampung Rawa,-6185000,106860000
58,2024,Kota Adm. Jakarta Barat,Cengkareng,Kapuk,-6131298,106746082
59,2024,Kota Adm. Jakarta Pusat,Sawah Besar,Karang Anyar,-6155767,106828933
60,2024,Kota Adm. Jakarta Pusat,Tanah Abang,Karet Tengsin,-6205626,106811009
61,2024,Kota Adm. Jakarta Pusat,Tanah Abang,Karet Tengsin,-6205642,106811248
62,2024,Kota Adm. Jakarta Pusat,Tanah Abang,Karet Tengsin,-6212001,106814925
63,2024,Kota Adm. Jakarta Pusat,Sawah Besar,Kartini,-6155178,106831415
64,2024,Kota Adm. Jakarta Pusat,Sawah Besar,Kartini,-6153339,106831681
65,2024,Kota Adm. Jakarta Barat,Taman Sari,Keagungan,-6149031,106813084
66,2024,Kota Adm. Jakarta Barat,Kebon Jeruk,Kebon Jeruk,-6194400,106784400
67,2024,Kota Adm. Jakarta Barat,Kebon Jeruk,Kebon Jeruk,-6192000,106785000
68,2024,Kota Adm. Jakarta Barat,Kebon Jeruk,Kebon Jeruk,-6188000,106787500
69,2024,Kota Adm. Jakarta Pusat,Kemayoran,Kebon Kosong,-6159754,106855071
70,2024,Kota Adm. Jakarta Pusat,Kemayoran,Kebon Kosong,-6153246,106858076
71,2024,Kota Adm. Jakarta Timur,Matraman,Kebon Manggis,-6205578,106855678
72,2024,Kota Adm. Jakarta Pusat,Tanah Abang,Kebon Melati,-6191972,106811037
73,2024,Kota Adm. Jakarta Pusat,Tanah Abang,Kebon Melati,-6197517,106821078
74,2024,Kota Adm. Jakarta Pusat,Menteng,Kebon Sirih,-6184198,106829183
75,2024,Kota Adm. Jakarta Barat,Kebon Jeruk,Kedoya Selatan,-6183631,106756812
76,2024,Kota Adm. Jakarta Barat,Kebon Jeruk,Kedoya Utara,-6165857,106762902
77,2024,Kota Adm. Jakarta Barat,Kebon Jeruk,Kelapa Dua,-6201500,106780800
78,2024,Kota Adm. Jakarta Barat,Kebon Jeruk,Kelapa Dua,-6200200,106782100
79,2024,Kota Adm. Jakarta Timur,Ciracas,Kelapa Dua Wetan,-6343959,106884645
80,2024,Kota Adm. Jakarta Pusat,Kemayoran,Kemayoran,-6163971,106847811
81,2024,Kota Adm. Jakarta Barat,Kembangan,Kembangan Selatan,-6189305,106720422
82,2024,Kota Adm. Jakarta Barat,Kembangan,Kembangan Selatan,-6185138,106729812
83,2024,Kota Adm. Jakarta Barat,Kembangan,Kembangan Selatan,-6183246,106751758
84,2024,Kota Adm. Jakarta Barat,Kembangan,Kembangan Selatan,-6184890,106753945
85,2024,Kota Adm. Jakarta Pusat,Senen,Kenari,-6199700,106849600
86,2024,Kota Adm. Jakarta Pusat,Senen,Kenari,-6199000,106850000
87,2024,Kota Adm. Jakarta Timur,Duren Sawit,Klender,-6217263,106903684
88,2024,Kota Adm. Jakarta Timur,Duren Sawit,Klender,-6219344,106906959
89,2024,Kota Adm. Jakarta Timur,Duren Sawit,Klender,-6219319,106912853
90,2024,Kota Adm. Jakarta Pusat,Senen,Kramat,-6185179,106847774
91,2024,Kota Adm. Jakarta Timur,Kramatjati,Kramatjati,-6285297,106873239
92,2024,Kota Adm. Jakarta Barat,Taman Sari,Krukut,-6155482,106816473
93,2024,Kota Adm. Jakarta Barat,Taman Sari,Krukut,-6155495,106816498
94,2024,Kota Adm. Jakarta Selatan,Mampang Prapatan,Kuningan Barat,-6235233,106818793
95,2024,Kota Adm. Jakarta Selatan,Cilandak,Lebak Bulus,-6304579,106784439
96,2024,Kota Adm. Jakarta Selatan,Cilandak,Lebak Bulus,-6304567,106784483
97,2024,Kota Adm. Jakarta Utara,Pademangan,Pademangan Timur,-6137315,106840332
98,2024,Kota Adm. Jakarta Utara,Pademangan,Pademangan Timur,-6128940,106845678
99,2024,Kota Adm. Jakarta Pusat,Sawah Besar,Pasar Baru,-6161633,106834092
100,2024,Kota Adm. Jakarta Pusat,Senen,Paseban,-6191782,106853845
101,2024,Kota Adm. Jakarta Barat,Kalideres,Pegadungan,-6124765,106697982
102,2024,Kota Adm. Jakarta Utara,Kelapa Gading,Pegangsaan Dua,-6148132,106916171
103,2024,Kota Adm. Jakarta Utara,Kelapa Gading,Pegangsaan Dua,-6149947,106917667
104,2024,Kota Adm. Jakarta Timur,Pasar Rebo,Pekayon,-6347948,106875841
105,2024,Kota Adm. Jakarta Selatan,Mampang Prapatan,Pela Mampang,-6185596,106815066
106,2024,Kota Adm. Jakarta Selatan,Mampang Prapatan,Pela Mampang,-6243300,106823300
107,2024,Kota Adm. Jakarta Selatan,Pancoran,Pengadegan,-6251315,106861639
108,2024,Kota Adm. Jakarta Utara,Penjaringan,Penjaringan,-6132554,106781685
109,2024,Kota Adm. Jakarta Utara,Penjaringan,Penjaringan,-6222643,106833510
110,2024,Kota Adm. Jakarta Pusat,Tanah Abang,Petamburan,-6193107,106807957
111,2024,Kota Adm. Jakarta Pusat,Tanah Abang,Petamburan,-6193109,106807962
112,2024,Kota Adm. Jakarta Selatan,Kebayoran Baru,Petogogan,-6244265,106813506
113,2024,Kota Adm. Jakarta Pusat,Gambir,Petojo Utara,-6170490,106813488
114,2024,Kota Adm. Jakarta Pusat,Gambir,Petojo Utara,-6170492,106819228
115,2024,Kota Adm. Jakarta Pusat,Gambir,Petojo Utara,-6170485,106819291
116,2024,Kota Adm. Jakarta Utara,Penjaringan,Pluit,-6108098,106769752
117,2024,Kota Adm. Jakarta Timur,Duren Sawit,Pondok Kelapa,-6240000,106930000
118,2024,Kota Adm. Jakarta Timur,Duren Sawit,Pondok Kopi,-6232401,106942957
119,2024,Kota Adm. Jakarta Selatan,Cilandak,Pondok Labu,-6306464,106798521
120,2024,Kota Adm. Jakarta Timur,Ciracas,Rambutan,-6301845,106872099
121,2024,Kota Adm. Jakarta Timur,Cakung,Rawa Terate,-6185812,106922767
122,2024,Kota Adm. Jakarta Pusat,Cempaka Putih,Rawasari,-6193721,106857843
123,2024,Kota Adm. Jakarta Pusat,Cempaka Putih,Rawasari,-6188808,106870325
124,2024,Kota Adm. Jakarta Pusat,Cempaka Putih,Rawasari,-6187052,106874630
125,2024,Kota Adm. Jakarta Barat,Kalideres,Semanan,-6149430,106711681
126,2024,Kota Adm. Jakarta Pusat,Senen,Senen,-6181047,106835454
127,2024,Kota Adm. Jakarta Pusat,Kemayoran,Serdang,-6153518,106857110
128,2024,Kota Adm. Jakarta Pusat,Kemayoran,Serdang,-6155041,106859323
129,2024,Kota Adm. Jakarta Pusat,Kemayoran,Serdang,-6156895,106861167
130,2024,Kota Adm. Jakarta Pusat,Kemayoran,Serdang,-6159361,106863941
131,2024,Kota Adm. Jakarta Barat,Kembangan,Srengseng,-6123770,106715936
132,2024,Kota Adm. Jakarta Barat,Kebon Jeruk,Sukabumi Selatan,-6219514,106770077
133,2024,Kota Adm. Jakarta Barat,Kebon Jeruk,Sukabumi Utara,-6217800,106781500
134,2024,Kota Adm. Jakarta Barat,Kebon Jeruk,Sukabumi Utara,-6218500,106782000
135,2024,Kota Adm. Jakarta Barat,Kebon Jeruk,Sukabumi Utara,-6220000,106782500
136,2024,Kota Adm. Jakarta Pusat,Kemayoran,Sumur Batu,-6166934,106873935
137,2024,Kota Adm. Jakarta Utara,Tanjung Priok,Sunter Agung,-6147667,106854893
138,2024,Kota Adm. Jakarta Utara,Tanjung Priok,Sunter Agung,-6126866,106857188
139,2024,Kota Adm. Jakarta Timur,Ciracas,Susukan,-6307380,106868174
140,2024,Kota Adm. Jakarta Timur,Makasar,Makasar,-6271194,106894547
141,2024,Kota Adm. Jakarta Pusat,Sawah Besar,Mangga Dua Selatan,-6173491,106889216
142,2024,Kota Adm. Jakarta Selatan,Tebet,Manggarai,-6209834,106850523
143,2024,Kota Adm. Jakarta Barat,Taman Sari,Maphar,-6155700,106818462
144,2024,Kota Adm. Jakarta Barat,Taman Sari,Taman Sari,-6150654,106823277
145,2024,Kota Adm. Jakarta Pusat,Johar Baru,Tanah Tinggi,-6179500,106865500
146,2024,Kota Adm. Jakarta Pusat,Johar Baru,Tanah Tinggi,-6180000,106866000
147,2024,Kota Adm. Jakarta Selatan,Jagakarsa,Tanjung Barat,-6309537,106850701
148,2024,Kota Adm. Jakarta Barat,Grogol Petamburan,Tanjung Duren Utara,-6152345,106742567
149,2024,Kota Adm. Jakarta Selatan,Mampang Prapatan,Tegal Parang,-6251000,106829400
150,2024,Kota Adm. Jakarta Selatan,Mampang Prapatan,Tegal Parang,-6249880,106833540
151,2024,Kota Adm. Jakarta Timur,Kramatjati,Tengah,-6289985,106864540
152,2024,Kota Adm. Jakarta Utara,Koja,Tugu Utara,-6121722,106913180
153,2024,Kota Adm. Jakarta Pusat,Kemayoran,Utan Panjang,-6165459,106852223
154,2024,Kota Adm. Jakarta Pusat,Kemayoran,Utan Panjang,-6170706,106865251
