rn,priode_data,tahun,nama_provinsi,nama_kabupaten_kota,nama_kecamatan,nama_kelurahan,usia,jenis_kelamin,jumlah,periode_data
1,,2016,PROVINSI DKI JAKARTA,JAKARTA BARAT,CENGKARENG,CENGKARENG TIMUR,15 s.d 64,Laki-laki,89,2016
2,,2016,PROVINSI DKI JAKARTA,JAKARTA BARAT,GROGOL PETAMBURAN,GROGOL,15 s.d 64,Laki-laki,55,2016
3,,2016,PROVINSI DKI JAKARTA,JAKARTA BARAT,GROGOL PETAMBURAN,TANJUNG DUREN UTARA,15 s.d 64,Laki-laki,38,2016
4,,2016,PROVINSI DKI JAKARTA,JAKARTA BARAT,GROGOL PETAMBURAN,TOMANG,15 s.d 64,Laki-laki,94,2016
5,,2016,PROVINSI DKI JAKARTA,JAKARTA BARAT,GROGOL PETAMBURAN,JELAMBAR,15 s.d 64,Laki-laki,63,2016
6,,2016,PROVINSI DKI JAKARTA,JAKARTA BARAT,GROGOL PETAMBURAN,TANJUNG DUREN SELATAN,15 s.d 64,Laki-laki,62,2016
7,,2016,PROVINSI DKI JAKARTA,JAKARTA BARAT,GROGOL PETAMBURAN,JELAMBAR BARU,15 s.d 64,Laki-laki,42,2016
8,,2016,PROVINSI DKI JAKARTA,JAKARTA BARAT,GROGOL PETAMBURAN,WIJAYA KUSUMA,15 s.d 64,Laki-laki,313,2016
9,,2016,PROVINSI DKI JAKARTA,JAKARTA BARAT,TAMAN SARI,TAMAN SARI,15 s.d 64,Laki-laki,40,2016
10,,2016,PROVINSI DKI JAKARTA,JAKARTA BARAT,TAMAN SARI,KRUKUT,15 s.d 64,Laki-laki,72,2016
11,,2016,PROVINSI DKI JAKARTA,JAKARTA BARAT,TAMAN SARI,MAPHAR,15 s.d 64,Laki-laki,45,2016
12,,2016,PROVINSI DKI JAKARTA,JAKARTA BARAT,TAMAN SARI,TANGKI,15 s.d 64,Laki-laki,45,2016
13,,2016,PROVINSI DKI JAKARTA,JAKARTA BARAT,TAMAN SARI,MANGGA BESAR,15 s.d 64,Laki-laki,27,2016
14,,2016,PROVINSI DKI JAKARTA,JAKARTA BARAT,TAMAN SARI,KEAGUNGAN,15 s.d 64,Laki-laki,97,2016
15,,2016,PROVINSI DKI JAKARTA,JAKARTA BARAT,TAMAN SARI,GLODOK,15 s.d 64,Laki-laki,23,2016
16,,2016,PROVINSI DKI JAKARTA,JAKARTA BARAT,TAMAN SARI,PINANGSIA,15 s.d 64,Laki-laki,70,2016
17,,2016,PROVINSI DKI JAKARTA,JAKARTA BARAT,TAMBORA,TAMBORA,15 s.d 64,Laki-laki,42,2016
18,,2016,PROVINSI DKI JAKARTA,JAKARTA BARAT,TAMBORA,KALI ANYAR,15 s.d 64,Laki-laki,37,2016
19,,2016,PROVINSI DKI JAKARTA,JAKARTA BARAT,TAMBORA,DURI UTARA,15 s.d 64,Laki-laki,61,2016
20,,2016,PROVINSI DKI JAKARTA,JAKARTA BARAT,TAMBORA,TANAH SEREAL,15 s.d 64,Laki-laki,136,2016
21,,2016,PROVINSI DKI JAKARTA,JAKARTA BARAT,TAMBORA,KERENDANG,15 s.d 64,Laki-laki,64,2016
22,,2016,PROVINSI DKI JAKARTA,JAKARTA BARAT,TAMBORA,JEMBATAN BESI,15 s.d 64,Laki-laki,91,2016
23,,2016,PROVINSI DKI JAKARTA,JAKARTA BARAT,TAMBORA,ANGKE,15 s.d 64,Laki-laki,92,2016
24,,2016,PROVINSI DKI JAKARTA,JAKARTA BARAT,TAMBORA,JEMBATAN LIMA,15 s.d 64,Laki-laki,127,2016
25,,2016,PROVINSI DKI JAKARTA,JAKARTA BARAT,TAMBORA,PEKOJAN,15 s.d 64,Laki-laki,136,2016
26,,2016,PROVINSI DKI JAKARTA,JAKARTA BARAT,TAMBORA,ROA MALAKA,15 s.d 64,Laki-laki,13,2016
27,,2016,PROVINSI DKI JAKARTA,JAKARTA BARAT,TAMBORA,DURI SELATAN,15 s.d 64,Laki-laki,50,2016
28,,2016,PROVINSI DKI JAKARTA,JAKARTA BARAT,KEBON JERUK,KEBON JERUK,15 s.d 64,Laki-laki,146,2016
29,,2016,PROVINSI DKI JAKARTA,JAKARTA BARAT,KEBON JERUK,SUKABUMI UTARA,15 s.d 64,Laki-laki,58,2016
30,,2016,PROVINSI DKI JAKARTA,JAKARTA BARAT,KEBON JERUK,SUKABUMI SELATAN,15 s.d 64,Laki-laki,46,2016
31,,2016,PROVINSI DKI JAKARTA,JAKARTA BARAT,KEBON JERUK,KELAPA DUA,15 s.d 64,Laki-laki,36,2016
32,,2016,PROVINSI DKI JAKARTA,JAKARTA BARAT,KEBON JERUK,DURI KEPA,15 s.d 64,Laki-laki,48,2016
33,,2016,PROVINSI DKI JAKARTA,JAKARTA BARAT,KEBON JERUK,KEDOYA UTARA,15 s.d 64,Laki-laki,101,2016
34,,2016,PROVINSI DKI JAKARTA,JAKARTA BARAT,KEBON JERUK,KEDOYA SELATAN,15 s.d 64,Laki-laki,101,2016
35,,2016,PROVINSI DKI JAKARTA,JAKARTA BARAT,KALI DERES,KALIDERES,15 s.d 64,Laki-laki,171,2016
36,,2016,PROVINSI DKI JAKARTA,JAKARTA BARAT,KALI DERES,SEMANAN,15 s.d 64,Laki-laki,238,2016
37,,2016,PROVINSI DKI JAKARTA,JAKARTA BARAT,KALI DERES,TEGAL ALUR,15 s.d 64,Laki-laki,369,2016
38,,2016,PROVINSI DKI JAKARTA,JAKARTA BARAT,KALI DERES,KAMAL,15 s.d 64,Laki-laki,204,2016
39,,2016,PROVINSI DKI JAKARTA,JAKARTA BARAT,KALI DERES,PEGADUNGAN,15 s.d 64,Laki-laki,175,2016
40,,2016,PROVINSI DKI JAKARTA,JAKARTA BARAT,PALMERAH,PALMERAH,15 s.d 64,Laki-laki,48,2016
41,,2016,PROVINSI DKI JAKARTA,JAKARTA BARAT,PALMERAH,SLIPI,15 s.d 64,Laki-laki,33,2016
42,,2016,PROVINSI DKI JAKARTA,JAKARTA BARAT,PALMERAH,KOTA BAMBU UTARA,15 s.d 64,Laki-laki,48,2016
43,,2016,PROVINSI DKI JAKARTA,JAKARTA BARAT,PALMERAH,JATI PULO,15 s.d 64,Laki-laki,237,2016
44,,2016,PROVINSI DKI JAKARTA,JAKARTA BARAT,PALMERAH,KEMANGGISAN,15 s.d 64,Laki-laki,97,2016
45,,2016,PROVINSI DKI JAKARTA,JAKARTA BARAT,PALMERAH,KOTA BAMBU SELATAN,15 s.d 64,Laki-laki,76,2016
46,,2016,PROVINSI DKI JAKARTA,JAKARTA BARAT,KEMBANGAN,KEMBANGAN UTARA,15 s.d 64,Laki-laki,46,2016
47,,2016,PROVINSI DKI JAKARTA,JAKARTA BARAT,KEMBANGAN,MERUYA UTARA,15 s.d 64,Laki-laki,41,2016
48,,2016,PROVINSI DKI JAKARTA,JAKARTA BARAT,KEMBANGAN,MERUYA SELATAN,15 s.d 64,Laki-laki,50,2016
49,,2016,PROVINSI DKI JAKARTA,JAKARTA BARAT,KEMBANGAN,SRENGSENG,15 s.d 64,Laki-laki,84,2016
50,,2016,PROVINSI DKI JAKARTA,JAKARTA BARAT,KEMBANGAN,JOGLO,15 s.d 64,Laki-laki,39,2016
51,,2016,PROVINSI DKI JAKARTA,JAKARTA BARAT,KEMBANGAN,KEMBANGAN SELATAN,15 s.d 64,Laki-laki,46,2016
52,,2016,PROVINSI DKI JAKARTA,JAKARTA SELATAN,TEBET,TEBET TIMUR,15 s.d 64,Laki-laki,31,2016
53,,2016,PROVINSI DKI JAKARTA,JAKARTA SELATAN,TEBET,TEBET BARAT,15 s.d 64,Laki-laki,39,2016
54,,2016,PROVINSI DKI JAKARTA,JAKARTA SELATAN,TEBET,MENTENG DALAM,15 s.d 64,Laki-laki,93,2016
55,,2016,PROVINSI DKI JAKARTA,JAKARTA SELATAN,TEBET,KEBON BARU,15 s.d 64,Laki-laki,63,2016
56,,2016,PROVINSI DKI JAKARTA,JAKARTA SELATAN,TEBET,BUKIT DURI,15 s.d 64,Laki-laki,60,2016
57,,2016,PROVINSI DKI JAKARTA,JAKARTA SELATAN,TEBET,MANGGARAI SELATAN,15 s.d 64,Laki-laki,29,2016
58,,2016,PROVINSI DKI JAKARTA,JAKARTA SELATAN,TEBET,MANGGARAI,15 s.d 64,Laki-laki,156,2016
59,,2016,PROVINSI DKI JAKARTA,JAKARTA SELATAN,SETIA BUDI,SETIA BUDI,15 s.d 64,Laki-laki,11,2016
60,,2016,PROVINSI DKI JAKARTA,JAKARTA SELATAN,SETIA BUDI,KARET SEMANGGI,15 s.d 64,Laki-laki,7,2016
61,,2016,PROVINSI DKI JAKARTA,JAKARTA SELATAN,SETIA BUDI,KARET KUNINGAN,15 s.d 64,Laki-laki,19,2016
62,,2016,PROVINSI DKI JAKARTA,JAKARTA SELATAN,SETIA BUDI,KARET,15 s.d 64,Laki-laki,16,2016
63,,2016,PROVINSI DKI JAKARTA,JAKARTA SELATAN,SETIA BUDI,MENTENG ATAS,15 s.d 64,Laki-laki,67,2016
64,,2016,PROVINSI DKI JAKARTA,JAKARTA SELATAN,SETIA BUDI,PASAR MANGGIS,15 s.d 64,Laki-laki,158,2016
65,,2016,PROVINSI DKI JAKARTA,JAKARTA SELATAN,SETIA BUDI,GUNTUR,15 s.d 64,Laki-laki,29,2016
66,,2016,PROVINSI DKI JAKARTA,JAKARTA SELATAN,SETIA BUDI,KUNINGAN TIMUR,15 s.d 64,Laki-laki,2,2016
67,,2016,PROVINSI DKI JAKARTA,JAKARTA SELATAN,MAMPANG PRAPATAN,MAMPANG PRAPATAN,15 s.d 64,Laki-laki,24,2016
68,,2016,PROVINSI DKI JAKARTA,JAKARTA SELATAN,MAMPANG PRAPATAN,BANGKA,15 s.d 64,Laki-laki,19,2016
69,,2016,PROVINSI DKI JAKARTA,JAKARTA SELATAN,MAMPANG PRAPATAN,PELA MAMPANG,15 s.d 64,Laki-laki,69,2016
70,,2016,PROVINSI DKI JAKARTA,JAKARTA SELATAN,MAMPANG PRAPATAN,TEGAL PARANG,15 s.d 64,Laki-laki,35,2016
71,,2016,PROVINSI DKI JAKARTA,JAKARTA SELATAN,MAMPANG PRAPATAN,KUNINGAN BARAT,15 s.d 64,Laki-laki,20,2016
72,,2016,PROVINSI DKI JAKARTA,JAKARTA SELATAN,PASAR MINGGU,PASAR MINGGU,15 s.d 64,Laki-laki,69,2016
73,,2016,PROVINSI DKI JAKARTA,JAKARTA SELATAN,PASAR MINGGU,JATI PADANG,15 s.d 64,Laki-laki,41,2016
74,,2016,PROVINSI DKI JAKARTA,JAKARTA SELATAN,PASAR MINGGU,CILANDAK TIMUR,15 s.d 64,Laki-laki,32,2016
75,,2016,PROVINSI DKI JAKARTA,JAKARTA SELATAN,PASAR MINGGU,RAGUNAN,15 s.d 64,Laki-laki,51,2016
76,,2016,PROVINSI DKI JAKARTA,JAKARTA SELATAN,PASAR MINGGU,PEJATEN TIMUR,15 s.d 64,Laki-laki,103,2016
77,,2016,PROVINSI DKI JAKARTA,JAKARTA SELATAN,PASAR MINGGU,PEJATEN BARAT,15 s.d 64,Laki-laki,64,2016
78,,2016,PROVINSI DKI JAKARTA,JAKARTA SELATAN,PASAR MINGGU,KEBAGUSAN,15 s.d 64,Laki-laki,91,2016
79,,2016,PROVINSI DKI JAKARTA,JAKARTA SELATAN,KEBAYORAN LAMA,KEBAYORAN LAMA UTARA,15 s.d 64,Laki-laki,56,2016
80,,2016,PROVINSI DKI JAKARTA,JAKARTA SELATAN,KEBAYORAN LAMA,PONDOK PINANG,15 s.d 64,Laki-laki,64,2016
81,,2016,PROVINSI DKI JAKARTA,JAKARTA SELATAN,KEBAYORAN LAMA,CIPULIR,15 s.d 64,Laki-laki,75,2016
82,,2016,PROVINSI DKI JAKARTA,JAKARTA SELATAN,KEBAYORAN LAMA,GROGOL UTARA,15 s.d 64,Laki-laki,50,2016
83,,2016,PROVINSI DKI JAKARTA,JAKARTA SELATAN,KEBAYORAN LAMA,GROGOL SELATAN,15 s.d 64,Laki-laki,82,2016
84,,2016,PROVINSI DKI JAKARTA,JAKARTA SELATAN,KEBAYORAN LAMA,KEBAYORAN LAMA SELATAN,15 s.d 64,Laki-laki,86,2016
85,,2016,PROVINSI DKI JAKARTA,JAKARTA SELATAN,CILANDAK,CILANDAK BARAT,15 s.d 64,Laki-laki,46,2016
86,,2016,PROVINSI DKI JAKARTA,JAKARTA SELATAN,CILANDAK,LEBAK BULUS,15 s.d 64,Laki-laki,34,2016
87,,2016,PROVINSI DKI JAKARTA,JAKARTA SELATAN,CILANDAK,PONDOK LABU,15 s.d 64,Laki-laki,76,2016
88,,2016,PROVINSI DKI JAKARTA,JAKARTA SELATAN,CILANDAK,GANDARIA SELATAN,15 s.d 64,Laki-laki,58,2016
89,,2016,PROVINSI DKI JAKARTA,JAKARTA SELATAN,CILANDAK,CIPETE SELATAN,15 s.d 64,Laki-laki,62,2016
90,,2016,PROVINSI DKI JAKARTA,JAKARTA SELATAN,KEBAYORAN BARU,MELAWAI,15 s.d 64,Laki-laki,1,2016
91,,2016,PROVINSI DKI JAKARTA,JAKARTA SELATAN,KEBAYORAN BARU,GUNUNG,15 s.d 64,Laki-laki,16,2016
92,,2016,PROVINSI DKI JAKARTA,JAKARTA SELATAN,KEBAYORAN BARU,KRAMAT PELA,15 s.d 64,Laki-laki,23,2016
93,,2016,PROVINSI DKI JAKARTA,JAKARTA SELATAN,KEBAYORAN BARU,SELONG,15 s.d 64,Laki-laki,5,2016
94,,2016,PROVINSI DKI JAKARTA,JAKARTA SELATAN,KEBAYORAN BARU,RAWA BARAT,15 s.d 64,Laki-laki,9,2016
95,,2016,PROVINSI DKI JAKARTA,JAKARTA SELATAN,KEBAYORAN BARU,SENAYAN,15 s.d 64,Laki-laki,6,2016
96,,2016,PROVINSI DKI JAKARTA,JAKARTA SELATAN,KEBAYORAN BARU,PULO,15 s.d 64,Laki-laki,7,2016
97,,2016,PROVINSI DKI JAKARTA,JAKARTA SELATAN,KEBAYORAN BARU,PETOGOGAN,15 s.d 64,Laki-laki,25,2016
98,,2016,PROVINSI DKI JAKARTA,JAKARTA SELATAN,KEBAYORAN BARU,GANDARIA UTARA,15 s.d 64,Laki-laki,24,2016
99,,2016,PROVINSI DKI JAKARTA,JAKARTA SELATAN,KEBAYORAN BARU,CIPETE UTARA,15 s.d 64,Laki-laki,98,2016
100,,2016,PROVINSI DKI JAKARTA,JAKARTA SELATAN,PANCORAN,PANCORAN,15 s.d 64,Laki-laki,67,2016
101,,2016,PROVINSI DKI JAKARTA,JAKARTA SELATAN,PANCORAN,KALIBATA,15 s.d 64,Laki-laki,28,2016
102,,2016,PROVINSI DKI JAKARTA,JAKARTA SELATAN,PANCORAN,RAWA JATI,15 s.d 64,Laki-laki,41,2016
103,,2016,PROVINSI DKI JAKARTA,JAKARTA SELATAN,PANCORAN,DUREN TIGA,15 s.d 64,Laki-laki,19,2016
104,,2016,PROVINSI DKI JAKARTA,JAKARTA SELATAN,PANCORAN,PENGADEGAN,15 s.d 64,Laki-laki,77,2016
105,,2016,PROVINSI DKI JAKARTA,JAKARTA SELATAN,PANCORAN,CIKOKO,15 s.d 64,Laki-laki,10,2016
106,,2016,PROVINSI DKI JAKARTA,JAKARTA SELATAN,JAGAKARSA,JAGAKARSA,15 s.d 64,Laki-laki,57,2016
107,,2016,PROVINSI DKI JAKARTA,JAKARTA SELATAN,JAGAKARSA,SRENGSENG SAWAH,15 s.d 64,Laki-laki,269,2016
108,,2016,PROVINSI DKI JAKARTA,JAKARTA SELATAN,JAGAKARSA,CIGANJUR,15 s.d 64,Laki-laki,58,2016
109,,2016,PROVINSI DKI JAKARTA,JAKARTA SELATAN,JAGAKARSA,LENTENG AGUNG,15 s.d 64,Laki-laki,115,2016
110,,2016,PROVINSI DKI JAKARTA,JAKARTA SELATAN,JAGAKARSA,TANJUNG BARAT,15 s.d 64,Laki-laki,92,2016
111,,2016,PROVINSI DKI JAKARTA,JAKARTA SELATAN,JAGAKARSA,CIPEDAK,15 s.d 64,Laki-laki,56,2016
112,,2016,PROVINSI DKI JAKARTA,JAKARTA SELATAN,PESANGGRAHAN,PESANGGRAHAN,15 s.d 64,Laki-laki,52,2016
113,,2016,PROVINSI DKI JAKARTA,JAKARTA SELATAN,PESANGGRAHAN,BINTARO,15 s.d 64,Laki-laki,64,2016
114,,2016,PROVINSI DKI JAKARTA,JAKARTA SELATAN,PESANGGRAHAN,PETUKANGAN UTARA,15 s.d 64,Laki-laki,111,2016
115,,2016,PROVINSI DKI JAKARTA,JAKARTA SELATAN,PESANGGRAHAN,PETUKANGAN SELATAN,15 s.d 64,Laki-laki,83,2016
116,,2016,PROVINSI DKI JAKARTA,JAKARTA SELATAN,PESANGGRAHAN,ULUJAMI,15 s.d 64,Laki-laki,23,2016
117,,2016,PROVINSI DKI JAKARTA,JAKARTA TIMUR,MATRAMAN,PISANGAN BARU,15 s.d 64,Laki-laki,389,2016
118,,2016,PROVINSI DKI JAKARTA,JAKARTA TIMUR,MATRAMAN,UTAN KAYU UTARA,15 s.d 64,Laki-laki,48,2016
119,,2016,PROVINSI DKI JAKARTA,JAKARTA TIMUR,MATRAMAN,KAYU MANIS,15 s.d 64,Laki-laki,344,2016
120,,2016,PROVINSI DKI JAKARTA,JAKARTA TIMUR,MATRAMAN,PAL MERIAM,15 s.d 64,Laki-laki,99,2016
121,,2016,PROVINSI DKI JAKARTA,JAKARTA TIMUR,MATRAMAN,KEBON MANGGIS,15 s.d 64,Laki-laki,68,2016
122,,2016,PROVINSI DKI JAKARTA,JAKARTA TIMUR,MATRAMAN,UTAN KAYU SELATAN,15 s.d 64,Laki-laki,166,2016
123,,2016,PROVINSI DKI JAKARTA,JAKARTA TIMUR,PULO GADUNG,PULO GADUNG,15 s.d 64,Laki-laki,56,2016
124,,2016,PROVINSI DKI JAKARTA,JAKARTA TIMUR,PULO GADUNG,PISANGAN TIMUR,15 s.d 64,Laki-laki,211,2016
125,,2016,PROVINSI DKI JAKARTA,JAKARTA TIMUR,PULO GADUNG,CIPINANG,15 s.d 64,Laki-laki,146,2016
126,,2016,PROVINSI DKI JAKARTA,JAKARTA TIMUR,PULO GADUNG,JATINEGARA KAUM,15 s.d 64,Laki-laki,109,2016
127,,2016,PROVINSI DKI JAKARTA,JAKARTA TIMUR,PULO GADUNG,RAWAMANGUN,15 s.d 64,Laki-laki,101,2016
128,,2016,PROVINSI DKI JAKARTA,KAB.ADM.KEP.SERIBU,KEP. SERIBU UTR,P. PANGGANG,15 s.d 64,Laki-laki,68,2016
129,,2016,PROVINSI DKI JAKARTA,KAB.ADM.KEP.SERIBU,KEP. SERIBU UTR,P. KELAPA,15 s.d 64,Laki-laki,80,2016
130,,2016,PROVINSI DKI JAKARTA,KAB.ADM.KEP.SERIBU,KEP. SERIBU UTR,P. HARAPAN,15 s.d 64,Laki-laki,19,2016
131,,2016,PROVINSI DKI JAKARTA,KAB.ADM.KEP.SERIBU,KEP. SERIBU SLT,P. UNTUNG JAWA,15 s.d 64,Laki-laki,18,2016
132,,2016,PROVINSI DKI JAKARTA,KAB.ADM.KEP.SERIBU,KEP. SERIBU SLT,P. TIDUNG,15 s.d 64,Laki-laki,59,2016
133,,2016,PROVINSI DKI JAKARTA,KAB.ADM.KEP.SERIBU,KEP. SERIBU SLT,P. PARI,15 s.d 64,Laki-laki,29,2016
134,,2016,PROVINSI DKI JAKARTA,JAKARTA PUSAT,GAMBIR,GAMBIR,15 s.d 64,Laki-laki,6,2016
135,,2016,PROVINSI DKI JAKARTA,JAKARTA PUSAT,GAMBIR,CIDENG,15 s.d 64,Laki-laki,51,2016
136,,2016,PROVINSI DKI JAKARTA,JAKARTA PUSAT,GAMBIR,PETOJO UTARA,15 s.d 64,Laki-laki,106,2016
137,,2016,PROVINSI DKI JAKARTA,JAKARTA PUSAT,GAMBIR,PETOJO SELATAN,15 s.d 64,Laki-laki,86,2016
138,,2016,PROVINSI DKI JAKARTA,JAKARTA PUSAT,GAMBIR,KEBON KELAPA,15 s.d 64,Laki-laki,39,2016
139,,2016,PROVINSI DKI JAKARTA,JAKARTA PUSAT,GAMBIR,DURI PULO,15 s.d 64,Laki-laki,135,2016
140,,2016,PROVINSI DKI JAKARTA,JAKARTA PUSAT,SAWAH BESAR,PASAR BARU,15 s.d 64,Laki-laki,125,2016
141,,2016,PROVINSI DKI JAKARTA,JAKARTA PUSAT,SAWAH BESAR,KARANG ANYAR,15 s.d 64,Laki-laki,108,2016
142,,2016,PROVINSI DKI JAKARTA,JAKARTA PUSAT,SAWAH BESAR,KARTINI,15 s.d 64,Laki-laki,88,2016
143,,2016,PROVINSI DKI JAKARTA,JAKARTA PUSAT,SAWAH BESAR,GUNUNG SAHARI UTARA,15 s.d 64,Laki-laki,85,2016
144,,2016,PROVINSI DKI JAKARTA,JAKARTA PUSAT,SAWAH BESAR,MANGGA DUA SELATAN,15 s.d 64,Laki-laki,68,2016
145,,2016,PROVINSI DKI JAKARTA,JAKARTA PUSAT,KEMAYORAN,KEMAYORAN,15 s.d 64,Laki-laki,130,2016
146,,2016,PROVINSI DKI JAKARTA,JAKARTA PUSAT,KEMAYORAN,KEBON KOSONG,15 s.d 64,Laki-laki,57,2016
147,,2016,PROVINSI DKI JAKARTA,JAKARTA PUSAT,KEMAYORAN,HARAPAN MULIA,15 s.d 64,Laki-laki,78,2016
148,,2016,PROVINSI DKI JAKARTA,JAKARTA PUSAT,KEMAYORAN,SERDANG,15 s.d 64,Laki-laki,110,2016
149,,2016,PROVINSI DKI JAKARTA,JAKARTA PUSAT,KEMAYORAN,GUNUNG SAHARI SELATAN,15 s.d 64,Laki-laki,258,2016
150,,2016,PROVINSI DKI JAKARTA,JAKARTA PUSAT,KEMAYORAN,CEMPAKA BARU,15 s.d 64,Laki-laki,147,2016
151,,2016,PROVINSI DKI JAKARTA,JAKARTA PUSAT,KEMAYORAN,SUMUR BATU,15 s.d 64,Laki-laki,62,2016
152,,2016,PROVINSI DKI JAKARTA,JAKARTA PUSAT,KEMAYORAN,UTAN PANJANG,15 s.d 64,Laki-laki,134,2016
153,,2016,PROVINSI DKI JAKARTA,JAKARTA PUSAT,SENEN,SENEN,15 s.d 64,Laki-laki,28,2016
154,,2016,PROVINSI DKI JAKARTA,JAKARTA PUSAT,SENEN,KENARI,15 s.d 64,Laki-laki,34,2016
155,,2016,PROVINSI DKI JAKARTA,JAKARTA PUSAT,SENEN,PASEBAN,15 s.d 64,Laki-laki,220,2016
156,,2016,PROVINSI DKI JAKARTA,JAKARTA PUSAT,SENEN,KRAMAT,15 s.d 64,Laki-laki,189,2016
157,,2016,PROVINSI DKI JAKARTA,JAKARTA PUSAT,SENEN,KWITANG,15 s.d 64,Laki-laki,81,2016
158,,2016,PROVINSI DKI JAKARTA,JAKARTA PUSAT,SENEN,BUNGUR,15 s.d 64,Laki-laki,96,2016
159,,2016,PROVINSI DKI JAKARTA,JAKARTA PUSAT,CEMPAKA PUTIH,CEMPAKA PUTIH TIMUR,15 s.d 64,Laki-laki,45,2016
160,,2016,PROVINSI DKI JAKARTA,JAKARTA PUSAT,CEMPAKA PUTIH,CEMPAKA PUTIH BARAT,15 s.d 64,Laki-laki,137,2016
161,,2016,PROVINSI DKI JAKARTA,JAKARTA PUSAT,CEMPAKA PUTIH,RAWASARI,15 s.d 64,Laki-laki,91,2016
162,,2016,PROVINSI DKI JAKARTA,JAKARTA PUSAT,MENTENG,MENTENG,15 s.d 64,Laki-laki,146,2016
163,,2016,PROVINSI DKI JAKARTA,JAKARTA PUSAT,MENTENG,PEGANGSAAN,15 s.d 64,Laki-laki,154,2016
164,,2016,PROVINSI DKI JAKARTA,JAKARTA PUSAT,MENTENG,CIKINI,15 s.d 64,Laki-laki,83,2016
165,,2016,PROVINSI DKI JAKARTA,JAKARTA PUSAT,MENTENG,GONDANGDIA,15 s.d 64,Laki-laki,12,2016
166,,2016,PROVINSI DKI JAKARTA,JAKARTA PUSAT,MENTENG,KEBON SIRIH,15 s.d 64,Laki-laki,39,2016
167,,2016,PROVINSI DKI JAKARTA,JAKARTA PUSAT,TANAH ABANG,GELORA,15 s.d 64,Laki-laki,16,2016
168,,2016,PROVINSI DKI JAKARTA,JAKARTA PUSAT,TANAH ABANG,BENDUNGAN HILIR,15 s.d 64,Laki-laki,108,2016
169,,2016,PROVINSI DKI JAKARTA,JAKARTA PUSAT,TANAH ABANG,KARET TENGSIN,15 s.d 64,Laki-laki,47,2016
170,,2016,PROVINSI DKI JAKARTA,JAKARTA PUSAT,TANAH ABANG,PETAMBURAN,15 s.d 64,Laki-laki,82,2016
171,,2016,PROVINSI DKI JAKARTA,JAKARTA PUSAT,TANAH ABANG,KEBON MELATI,15 s.d 64,Laki-laki,89,2016
172,,2016,PROVINSI DKI JAKARTA,JAKARTA PUSAT,TANAH ABANG,KEBON KACANG,15 s.d 64,Laki-laki,76,2016
173,,2016,PROVINSI DKI JAKARTA,JAKARTA PUSAT,TANAH ABANG,KAMPUNG BALI,15 s.d 64,Laki-laki,45,2016
174,,2016,PROVINSI DKI JAKARTA,JAKARTA PUSAT,JOHAR BARU,JOHAR BARU,15 s.d 64,Laki-laki,154,2016
175,,2016,PROVINSI DKI JAKARTA,JAKARTA PUSAT,JOHAR BARU,KAMPUNG RAWA,15 s.d 64,Laki-laki,99,2016
176,,2016,PROVINSI DKI JAKARTA,JAKARTA PUSAT,JOHAR BARU,GALUR,15 s.d 64,Laki-laki,96,2016
177,,2016,PROVINSI DKI JAKARTA,JAKARTA PUSAT,JOHAR BARU,TANAH TINGGI,15 s.d 64,Laki-laki,131,2016
178,,2016,PROVINSI DKI JAKARTA,JAKARTA UTARA,PENJARINGAN,PENJARINGAN,15 s.d 64,Laki-laki,138,2016
179,,2016,PROVINSI DKI JAKARTA,JAKARTA UTARA,PENJARINGAN,KAMAL MUARA,15 s.d 64,Laki-laki,42,2016
180,,2016,PROVINSI DKI JAKARTA,JAKARTA UTARA,PENJARINGAN,KAPUK MUARA,15 s.d 64,Laki-laki,63,2016
181,,2016,PROVINSI DKI JAKARTA,JAKARTA UTARA,PENJARINGAN,PEJAGALAN,15 s.d 64,Laki-laki,142,2016
182,,2016,PROVINSI DKI JAKARTA,JAKARTA UTARA,PENJARINGAN,PLUIT,15 s.d 64,Laki-laki,89,2016
183,,2016,PROVINSI DKI JAKARTA,JAKARTA UTARA,TANJUNG PRIOK,TANJUNG PRIOK,15 s.d 64,Laki-laki,332,2016
184,,2016,PROVINSI DKI JAKARTA,JAKARTA UTARA,TANJUNG PRIOK,SUNTER JAYA,15 s.d 64,Laki-laki,128,2016
185,,2016,PROVINSI DKI JAKARTA,JAKARTA UTARA,TANJUNG PRIOK,PAPANGGO,15 s.d 64,Laki-laki,254,2016
186,,2016,PROVINSI DKI JAKARTA,JAKARTA UTARA,TANJUNG PRIOK,SUNGAI BAMBU,15 s.d 64,Laki-laki,407,2016
187,,2016,PROVINSI DKI JAKARTA,JAKARTA UTARA,TANJUNG PRIOK,KEBON BAWANG,15 s.d 64,Laki-laki,328,2016
188,,2016,PROVINSI DKI JAKARTA,JAKARTA UTARA,TANJUNG PRIOK,SUNTER AGUNG,15 s.d 64,Laki-laki,171,2016
189,,2016,PROVINSI DKI JAKARTA,JAKARTA UTARA,TANJUNG PRIOK,WARAKAS,15 s.d 64,Laki-laki,228,2016
190,,2016,PROVINSI DKI JAKARTA,JAKARTA UTARA,KOJA,KOJA,15 s.d 64,Laki-laki,444,2016
191,,2016,PROVINSI DKI JAKARTA,JAKARTA UTARA,KOJA,TUGU UTARA,15 s.d 64,Laki-laki,246,2016
192,,2016,PROVINSI DKI JAKARTA,JAKARTA UTARA,KOJA,LAGOA,15 s.d 64,Laki-laki,683,2016
193,,2016,PROVINSI DKI JAKARTA,JAKARTA UTARA,KOJA,RAWA BADAK UTARA,15 s.d 64,Laki-laki,271,2016
194,,2016,PROVINSI DKI JAKARTA,JAKARTA UTARA,KOJA,TUGU SELATAN,15 s.d 64,Laki-laki,81,2016
195,,2016,PROVINSI DKI JAKARTA,JAKARTA UTARA,KOJA,RAWA BADAK SELATAN,15 s.d 64,Laki-laki,359,2016
196,,2016,PROVINSI DKI JAKARTA,JAKARTA UTARA,CILINCING,CILINCING,15 s.d 64,Laki-laki,177,2016
197,,2016,PROVINSI DKI JAKARTA,JAKARTA UTARA,CILINCING,SUKAPURA,15 s.d 64,Laki-laki,263,2016
198,,2016,PROVINSI DKI JAKARTA,JAKARTA UTARA,CILINCING,MARUNDA,15 s.d 64,Laki-laki,182,2016
199,,2016,PROVINSI DKI JAKARTA,JAKARTA UTARA,CILINCING,KALI BARU,15 s.d 64,Laki-laki,466,2016
200,,2016,PROVINSI DKI JAKARTA,JAKARTA UTARA,CILINCING,SEMPER TIMUR,15 s.d 64,Laki-laki,54,2016
201,,2016,PROVINSI DKI JAKARTA,JAKARTA UTARA,CILINCING,ROROTAN,15 s.d 64,Laki-laki,116,2016
202,,2016,PROVINSI DKI JAKARTA,JAKARTA UTARA,CILINCING,SEMPER BARAT,15 s.d 64,Laki-laki,286,2016
203,,2016,PROVINSI DKI JAKARTA,JAKARTA UTARA,PADEMANGAN,PADEMANGAN TIMUR,15 s.d 64,Laki-laki,80,2016
204,,2016,PROVINSI DKI JAKARTA,JAKARTA UTARA,PADEMANGAN,PADEMANGAN BARAT,15 s.d 64,Laki-laki,100,2016
205,,2016,PROVINSI DKI JAKARTA,JAKARTA UTARA,PADEMANGAN,ANCOL,15 s.d 64,Laki-laki,30,2016
206,,2016,PROVINSI DKI JAKARTA,JAKARTA UTARA,KELAPA GADING,KELAPA GADING TIMUR,15 s.d 64,Laki-laki,88,2016
207,,2016,PROVINSI DKI JAKARTA,JAKARTA UTARA,KELAPA GADING,PEGANGSAAN DUA,15 s.d 64,Laki-laki,123,2016
208,,2016,PROVINSI DKI JAKARTA,JAKARTA UTARA,KELAPA GADING,KELAPA GADING BARAT,15 s.d 64,Laki-laki,42,2016
209,,2016,PROVINSI DKI JAKARTA,JAKARTA BARAT,CENGKARENG,CENGKARENG BARAT,15 s.d 64,Laki-laki,1216,2016
210,,2016,PROVINSI DKI JAKARTA,JAKARTA BARAT,CENGKARENG,DURI KOSAMBI,15 s.d 64,Laki-laki,148,2016
211,,2016,PROVINSI DKI JAKARTA,JAKARTA BARAT,CENGKARENG,RAWA BUAYA,15 s.d 64,Laki-laki,106,2016
212,,2016,PROVINSI DKI JAKARTA,JAKARTA BARAT,CENGKARENG,KEDAUNG KALI ANGKE,15 s.d 64,Laki-laki,34,2016
213,,2016,PROVINSI DKI JAKARTA,JAKARTA BARAT,CENGKARENG,KAPUK,15 s.d 64,Laki-laki,170,2016
214,,2016,PROVINSI DKI JAKARTA,JAKARTA PUSAT,CEMPAKA PUTIH,CEMPAKA PUTIH BARAT,15 s.d 64,Perempuan,127,2016
215,,2016,PROVINSI DKI JAKARTA,JAKARTA PUSAT,CEMPAKA PUTIH,RAWASARI,15 s.d 64,Perempuan,102,2016
216,,2016,PROVINSI DKI JAKARTA,JAKARTA PUSAT,MENTENG,MENTENG,15 s.d 64,Perempuan,97,2016
217,,2016,PROVINSI DKI JAKARTA,JAKARTA PUSAT,MENTENG,PEGANGSAAN,15 s.d 64,Perempuan,95,2016
218,,2016,PROVINSI DKI JAKARTA,JAKARTA PUSAT,MENTENG,CIKINI,15 s.d 64,Perempuan,64,2016
219,,2016,PROVINSI DKI JAKARTA,JAKARTA PUSAT,MENTENG,GONDANGDIA,15 s.d 64,Perempuan,7,2016
220,,2016,PROVINSI DKI JAKARTA,JAKARTA PUSAT,MENTENG,KEBON SIRIH,15 s.d 64,Perempuan,29,2016
221,,2016,PROVINSI DKI JAKARTA,JAKARTA PUSAT,TANAH ABANG,GELORA,15 s.d 64,Perempuan,8,2016
222,,2016,PROVINSI DKI JAKARTA,JAKARTA PUSAT,TANAH ABANG,BENDUNGAN HILIR,15 s.d 64,Perempuan,91,2016
223,,2016,PROVINSI DKI JAKARTA,JAKARTA PUSAT,TANAH ABANG,KARET TENGSIN,15 s.d 64,Perempuan,42,2016
224,,2016,PROVINSI DKI JAKARTA,JAKARTA PUSAT,TANAH ABANG,PETAMBURAN,15 s.d 64,Perempuan,65,2016
225,,2016,PROVINSI DKI JAKARTA,JAKARTA PUSAT,TANAH ABANG,KEBON MELATI,15 s.d 64,Perempuan,72,2016
226,,2016,PROVINSI DKI JAKARTA,JAKARTA PUSAT,TANAH ABANG,KEBON KACANG,15 s.d 64,Perempuan,71,2016
227,,2016,PROVINSI DKI JAKARTA,JAKARTA PUSAT,TANAH ABANG,KAMPUNG BALI,15 s.d 64,Perempuan,34,2016
228,,2016,PROVINSI DKI JAKARTA,JAKARTA PUSAT,JOHAR BARU,JOHAR BARU,15 s.d 64,Perempuan,147,2016
229,,2016,PROVINSI DKI JAKARTA,JAKARTA PUSAT,JOHAR BARU,KAMPUNG RAWA,15 s.d 64,Perempuan,64,2016
230,,2016,PROVINSI DKI JAKARTA,JAKARTA PUSAT,JOHAR BARU,GALUR,15 s.d 64,Perempuan,77,2016
231,,2016,PROVINSI DKI JAKARTA,JAKARTA PUSAT,JOHAR BARU,TANAH TINGGI,15 s.d 64,Perempuan,83,2016
232,,2016,PROVINSI DKI JAKARTA,JAKARTA UTARA,PENJARINGAN,PENJARINGAN,15 s.d 64,Perempuan,112,2016
233,,2016,PROVINSI DKI JAKARTA,JAKARTA UTARA,PENJARINGAN,KAMAL MUARA,15 s.d 64,Perempuan,29,2016
234,,2016,PROVINSI DKI JAKARTA,JAKARTA UTARA,PENJARINGAN,KAPUK MUARA,15 s.d 64,Perempuan,49,2016
235,,2016,PROVINSI DKI JAKARTA,JAKARTA UTARA,PENJARINGAN,PEJAGALAN,15 s.d 64,Perempuan,70,2016
236,,2016,PROVINSI DKI JAKARTA,JAKARTA UTARA,PENJARINGAN,PLUIT,15 s.d 64,Perempuan,123,2016
237,,2016,PROVINSI DKI JAKARTA,JAKARTA UTARA,TANJUNG PRIOK,TANJUNG PRIOK,15 s.d 64,Perempuan,206,2016
238,,2016,PROVINSI DKI JAKARTA,JAKARTA UTARA,TANJUNG PRIOK,SUNTER JAYA,15 s.d 64,Perempuan,113,2016
239,,2016,PROVINSI DKI JAKARTA,JAKARTA UTARA,TANJUNG PRIOK,PAPANGGO,15 s.d 64,Perempuan,136,2016
240,,2016,PROVINSI DKI JAKARTA,JAKARTA UTARA,TANJUNG PRIOK,SUNGAI BAMBU,15 s.d 64,Perempuan,208,2016
241,,2016,PROVINSI DKI JAKARTA,JAKARTA UTARA,TANJUNG PRIOK,KEBON BAWANG,15 s.d 64,Perempuan,235,2016
242,,2016,PROVINSI DKI JAKARTA,JAKARTA UTARA,TANJUNG PRIOK,SUNTER AGUNG,15 s.d 64,Perempuan,120,2016
243,,2016,PROVINSI DKI JAKARTA,JAKARTA UTARA,TANJUNG PRIOK,WARAKAS,15 s.d 64,Perempuan,197,2016
244,,2016,PROVINSI DKI JAKARTA,JAKARTA UTARA,KOJA,KOJA,15 s.d 64,Perempuan,268,2016
245,,2016,PROVINSI DKI JAKARTA,JAKARTA UTARA,KOJA,TUGU UTARA,15 s.d 64,Perempuan,185,2016
246,,2016,PROVINSI DKI JAKARTA,JAKARTA UTARA,KOJA,LAGOA,15 s.d 64,Perempuan,474,2016
247,,2016,PROVINSI DKI JAKARTA,JAKARTA UTARA,KOJA,RAWA BADAK UTARA,15 s.d 64,Perempuan,201,2016
248,,2016,PROVINSI DKI JAKARTA,JAKARTA UTARA,KOJA,TUGU SELATAN,15 s.d 64,Perempuan,45,2016
249,,2016,PROVINSI DKI JAKARTA,JAKARTA UTARA,KOJA,RAWA BADAK SELATAN,15 s.d 64,Perempuan,211,2016
250,,2016,PROVINSI DKI JAKARTA,JAKARTA UTARA,CILINCING,CILINCING,15 s.d 64,Perempuan,142,2016
251,,2016,PROVINSI DKI JAKARTA,JAKARTA UTARA,CILINCING,SUKAPURA,15 s.d 64,Perempuan,216,2016
252,,2016,PROVINSI DKI JAKARTA,JAKARTA UTARA,CILINCING,MARUNDA,15 s.d 64,Perempuan,123,2016
253,,2016,PROVINSI DKI JAKARTA,JAKARTA UTARA,CILINCING,KALI BARU,15 s.d 64,Perempuan,356,2016
254,,2016,PROVINSI DKI JAKARTA,JAKARTA UTARA,CILINCING,SEMPER TIMUR,15 s.d 64,Perempuan,53,2016
255,,2016,PROVINSI DKI JAKARTA,JAKARTA UTARA,CILINCING,ROROTAN,15 s.d 64,Perempuan,96,2016
256,,2016,PROVINSI DKI JAKARTA,JAKARTA UTARA,CILINCING,SEMPER BARAT,15 s.d 64,Perempuan,216,2016
257,,2016,PROVINSI DKI JAKARTA,JAKARTA UTARA,PADEMANGAN,PADEMANGAN TIMUR,15 s.d 64,Perempuan,52,2016
258,,2016,PROVINSI DKI JAKARTA,JAKARTA UTARA,PADEMANGAN,PADEMANGAN BARAT,15 s.d 64,Perempuan,112,2016
259,,2016,PROVINSI DKI JAKARTA,JAKARTA UTARA,PADEMANGAN,ANCOL,15 s.d 64,Perempuan,23,2016
260,,2016,PROVINSI DKI JAKARTA,JAKARTA UTARA,KELAPA GADING,KELAPA GADING TIMUR,15 s.d 64,Perempuan,86,2016
261,,2016,PROVINSI DKI JAKARTA,JAKARTA UTARA,KELAPA GADING,PEGANGSAAN DUA,15 s.d 64,Perempuan,80,2016
262,,2016,PROVINSI DKI JAKARTA,JAKARTA UTARA,KELAPA GADING,KELAPA GADING BARAT,15 s.d 64,Perempuan,41,2016
263,,2016,PROVINSI DKI JAKARTA,JAKARTA BARAT,CENGKARENG,CENGKARENG BARAT,15 s.d 64,Perempuan,638,2016
264,,2016,PROVINSI DKI JAKARTA,JAKARTA BARAT,CENGKARENG,DURI KOSAMBI,15 s.d 64,Perempuan,106,2016
265,,2016,PROVINSI DKI JAKARTA,JAKARTA BARAT,CENGKARENG,RAWA BUAYA,15 s.d 64,Perempuan,85,2016
266,,2016,PROVINSI DKI JAKARTA,JAKARTA BARAT,CENGKARENG,KEDAUNG KALI ANGKE,15 s.d 64,Perempuan,24,2016
267,,2016,PROVINSI DKI JAKARTA,JAKARTA BARAT,CENGKARENG,KAPUK,15 s.d 64,Perempuan,150,2016
268,,2016,PROVINSI DKI JAKARTA,JAKARTA BARAT,CENGKARENG,CENGKARENG TIMUR,15 s.d 64,Perempuan,73,2016
269,,2016,PROVINSI DKI JAKARTA,JAKARTA BARAT,GROGOL PETAMBURAN,GROGOL,15 s.d 64,Perempuan,55,2016
270,,2016,PROVINSI DKI JAKARTA,JAKARTA BARAT,GROGOL PETAMBURAN,TANJUNG DUREN UTARA,15 s.d 64,Perempuan,38,2016
271,,2016,PROVINSI DKI JAKARTA,JAKARTA BARAT,GROGOL PETAMBURAN,TOMANG,15 s.d 64,Perempuan,85,2016
272,,2016,PROVINSI DKI JAKARTA,JAKARTA BARAT,GROGOL PETAMBURAN,JELAMBAR,15 s.d 64,Perempuan,46,2016
273,,2016,PROVINSI DKI JAKARTA,JAKARTA BARAT,GROGOL PETAMBURAN,TANJUNG DUREN SELATAN,15 s.d 64,Perempuan,57,2016
274,,2016,PROVINSI DKI JAKARTA,JAKARTA BARAT,GROGOL PETAMBURAN,JELAMBAR BARU,15 s.d 64,Perempuan,34,2016
275,,2016,PROVINSI DKI JAKARTA,JAKARTA BARAT,GROGOL PETAMBURAN,WIJAYA KUSUMA,15 s.d 64,Perempuan,205,2016
276,,2016,PROVINSI DKI JAKARTA,JAKARTA BARAT,TAMAN SARI,TAMAN SARI,15 s.d 64,Perempuan,32,2016
277,,2016,PROVINSI DKI JAKARTA,JAKARTA BARAT,TAMAN SARI,KRUKUT,15 s.d 64,Perempuan,58,2016
278,,2016,PROVINSI DKI JAKARTA,JAKARTA BARAT,TAMAN SARI,MAPHAR,15 s.d 64,Perempuan,35,2016
279,,2016,PROVINSI DKI JAKARTA,JAKARTA BARAT,TAMAN SARI,TANGKI,15 s.d 64,Perempuan,24,2016
280,,2016,PROVINSI DKI JAKARTA,JAKARTA BARAT,TAMAN SARI,MANGGA BESAR,15 s.d 64,Perempuan,29,2016
281,,2016,PROVINSI DKI JAKARTA,JAKARTA BARAT,TAMAN SARI,KEAGUNGAN,15 s.d 64,Perempuan,44,2016
282,,2016,PROVINSI DKI JAKARTA,JAKARTA BARAT,TAMAN SARI,GLODOK,15 s.d 64,Perempuan,28,2016
283,,2016,PROVINSI DKI JAKARTA,JAKARTA BARAT,TAMAN SARI,PINANGSIA,15 s.d 64,Perempuan,54,2016
284,,2016,PROVINSI DKI JAKARTA,JAKARTA BARAT,TAMBORA,TAMBORA,15 s.d 64,Perempuan,38,2016
285,,2016,PROVINSI DKI JAKARTA,JAKARTA BARAT,TAMBORA,KALI ANYAR,15 s.d 64,Perempuan,19,2016
286,,2016,PROVINSI DKI JAKARTA,JAKARTA BARAT,TAMBORA,DURI UTARA,15 s.d 64,Perempuan,53,2016
287,,2016,PROVINSI DKI JAKARTA,JAKARTA BARAT,TAMBORA,TANAH SEREAL,15 s.d 64,Perempuan,84,2016
288,,2016,PROVINSI DKI JAKARTA,JAKARTA BARAT,TAMBORA,KERENDANG,15 s.d 64,Perempuan,64,2016
289,,2016,PROVINSI DKI JAKARTA,JAKARTA BARAT,TAMBORA,JEMBATAN BESI,15 s.d 64,Perempuan,50,2016
290,,2016,PROVINSI DKI JAKARTA,JAKARTA BARAT,TAMBORA,ANGKE,15 s.d 64,Perempuan,78,2016
291,,2016,PROVINSI DKI JAKARTA,JAKARTA BARAT,TAMBORA,JEMBATAN LIMA,15 s.d 64,Perempuan,80,2016
292,,2016,PROVINSI DKI JAKARTA,JAKARTA BARAT,TAMBORA,PEKOJAN,15 s.d 64,Perempuan,101,2016
293,,2016,PROVINSI DKI JAKARTA,JAKARTA BARAT,TAMBORA,ROA MALAKA,15 s.d 64,Perempuan,11,2016
294,,2016,PROVINSI DKI JAKARTA,JAKARTA BARAT,TAMBORA,DURI SELATAN,15 s.d 64,Perempuan,32,2016
295,,2016,PROVINSI DKI JAKARTA,JAKARTA BARAT,KEBON JERUK,KEBON JERUK,15 s.d 64,Perempuan,116,2016
296,,2016,PROVINSI DKI JAKARTA,JAKARTA BARAT,KEBON JERUK,SUKABUMI UTARA,15 s.d 64,Perempuan,53,2016
297,,2016,PROVINSI DKI JAKARTA,JAKARTA BARAT,KEBON JERUK,SUKABUMI SELATAN,15 s.d 64,Perempuan,30,2016
298,,2016,PROVINSI DKI JAKARTA,JAKARTA BARAT,KEBON JERUK,KELAPA DUA,15 s.d 64,Perempuan,54,2016
299,,2016,PROVINSI DKI JAKARTA,JAKARTA BARAT,KEBON JERUK,DURI KEPA,15 s.d 64,Perempuan,62,2016
300,,2016,PROVINSI DKI JAKARTA,JAKARTA BARAT,KEBON JERUK,KEDOYA UTARA,15 s.d 64,Perempuan,79,2016
301,,2016,PROVINSI DKI JAKARTA,JAKARTA BARAT,KEBON JERUK,KEDOYA SELATAN,15 s.d 64,Perempuan,75,2016
302,,2016,PROVINSI DKI JAKARTA,JAKARTA BARAT,KALI DERES,KALIDERES,15 s.d 64,Perempuan,130,2016
303,,2016,PROVINSI DKI JAKARTA,JAKARTA BARAT,KALI DERES,SEMANAN,15 s.d 64,Perempuan,199,2016
304,,2016,PROVINSI DKI JAKARTA,JAKARTA BARAT,KALI DERES,TEGAL ALUR,15 s.d 64,Perempuan,250,2016
305,,2016,PROVINSI DKI JAKARTA,JAKARTA BARAT,KALI DERES,KAMAL,15 s.d 64,Perempuan,152,2016
306,,2016,PROVINSI DKI JAKARTA,JAKARTA BARAT,KALI DERES,PEGADUNGAN,15 s.d 64,Perempuan,151,2016
307,,2016,PROVINSI DKI JAKARTA,JAKARTA BARAT,PALMERAH,PALMERAH,15 s.d 64,Perempuan,56,2016
308,,2016,PROVINSI DKI JAKARTA,JAKARTA BARAT,PALMERAH,SLIPI,15 s.d 64,Perempuan,26,2016
309,,2016,PROVINSI DKI JAKARTA,JAKARTA BARAT,PALMERAH,KOTA BAMBU UTARA,15 s.d 64,Perempuan,55,2016
310,,2016,PROVINSI DKI JAKARTA,JAKARTA BARAT,PALMERAH,JATI PULO,15 s.d 64,Perempuan,136,2016
311,,2016,PROVINSI DKI JAKARTA,JAKARTA BARAT,PALMERAH,KEMANGGISAN,15 s.d 64,Perempuan,75,2016
312,,2016,PROVINSI DKI JAKARTA,JAKARTA BARAT,PALMERAH,KOTA BAMBU SELATAN,15 s.d 64,Perempuan,41,2016
313,,2016,PROVINSI DKI JAKARTA,JAKARTA BARAT,KEMBANGAN,KEMBANGAN UTARA,15 s.d 64,Perempuan,55,2016
314,,2016,PROVINSI DKI JAKARTA,JAKARTA BARAT,KEMBANGAN,MERUYA UTARA,15 s.d 64,Perempuan,47,2016
315,,2016,PROVINSI DKI JAKARTA,JAKARTA BARAT,KEMBANGAN,MERUYA SELATAN,15 s.d 64,Perempuan,42,2016
316,,2016,PROVINSI DKI JAKARTA,JAKARTA BARAT,KEMBANGAN,SRENGSENG,15 s.d 64,Perempuan,56,2016
317,,2016,PROVINSI DKI JAKARTA,JAKARTA BARAT,KEMBANGAN,JOGLO,15 s.d 64,Perempuan,35,2016
318,,2016,PROVINSI DKI JAKARTA,JAKARTA BARAT,KEMBANGAN,KEMBANGAN SELATAN,15 s.d 64,Perempuan,26,2016
319,,2016,PROVINSI DKI JAKARTA,JAKARTA SELATAN,TEBET,TEBET TIMUR,15 s.d 64,Perempuan,52,2016
320,,2016,PROVINSI DKI JAKARTA,JAKARTA SELATAN,TEBET,TEBET BARAT,15 s.d 64,Perempuan,38,2016
321,,2016,PROVINSI DKI JAKARTA,JAKARTA SELATAN,TEBET,MENTENG DALAM,15 s.d 64,Perempuan,93,2016
322,,2016,PROVINSI DKI JAKARTA,JAKARTA SELATAN,TEBET,KEBON BARU,15 s.d 64,Perempuan,79,2016
323,,2016,PROVINSI DKI JAKARTA,JAKARTA SELATAN,TEBET,BUKIT DURI,15 s.d 64,Perempuan,51,2016
324,,2016,PROVINSI DKI JAKARTA,JAKARTA SELATAN,TEBET,MANGGARAI SELATAN,15 s.d 64,Perempuan,32,2016
325,,2016,PROVINSI DKI JAKARTA,JAKARTA SELATAN,TEBET,MANGGARAI,15 s.d 64,Perempuan,118,2016
326,,2016,PROVINSI DKI JAKARTA,JAKARTA SELATAN,SETIA BUDI,SETIA BUDI,15 s.d 64,Perempuan,7,2016
327,,2016,PROVINSI DKI JAKARTA,JAKARTA SELATAN,SETIA BUDI,KARET SEMANGGI,15 s.d 64,Perempuan,20,2016
328,,2016,PROVINSI DKI JAKARTA,JAKARTA SELATAN,SETIA BUDI,KARET KUNINGAN,15 s.d 64,Perempuan,26,2016
329,,2016,PROVINSI DKI JAKARTA,JAKARTA SELATAN,SETIA BUDI,KARET,15 s.d 64,Perempuan,20,2016
330,,2016,PROVINSI DKI JAKARTA,JAKARTA SELATAN,SETIA BUDI,MENTENG ATAS,15 s.d 64,Perempuan,57,2016
331,,2016,PROVINSI DKI JAKARTA,JAKARTA SELATAN,SETIA BUDI,PASAR MANGGIS,15 s.d 64,Perempuan,128,2016
332,,2016,PROVINSI DKI JAKARTA,JAKARTA SELATAN,SETIA BUDI,GUNTUR,15 s.d 64,Perempuan,26,2016
333,,2016,PROVINSI DKI JAKARTA,JAKARTA SELATAN,SETIA BUDI,KUNINGAN TIMUR,15 s.d 64,Perempuan,6,2016
334,,2016,PROVINSI DKI JAKARTA,JAKARTA SELATAN,MAMPANG PRAPATAN,MAMPANG PRAPATAN,15 s.d 64,Perempuan,30,2016
335,,2016,PROVINSI DKI JAKARTA,JAKARTA SELATAN,MAMPANG PRAPATAN,BANGKA,15 s.d 64,Perempuan,15,2016
336,,2016,PROVINSI DKI JAKARTA,JAKARTA SELATAN,MAMPANG PRAPATAN,PELA MAMPANG,15 s.d 64,Perempuan,73,2016
337,,2016,PROVINSI DKI JAKARTA,JAKARTA SELATAN,MAMPANG PRAPATAN,TEGAL PARANG,15 s.d 64,Perempuan,48,2016
338,,2016,PROVINSI DKI JAKARTA,JAKARTA SELATAN,MAMPANG PRAPATAN,KUNINGAN BARAT,15 s.d 64,Perempuan,21,2016
339,,2016,PROVINSI DKI JAKARTA,JAKARTA SELATAN,PASAR MINGGU,PASAR MINGGU,15 s.d 64,Perempuan,82,2016
340,,2016,PROVINSI DKI JAKARTA,JAKARTA SELATAN,PASAR MINGGU,JATI PADANG,15 s.d 64,Perempuan,31,2016
341,,2016,PROVINSI DKI JAKARTA,JAKARTA SELATAN,PASAR MINGGU,CILANDAK TIMUR,15 s.d 64,Perempuan,14,2016
342,,2016,PROVINSI DKI JAKARTA,JAKARTA SELATAN,PASAR MINGGU,RAGUNAN,15 s.d 64,Perempuan,58,2016
343,,2016,PROVINSI DKI JAKARTA,JAKARTA SELATAN,PASAR MINGGU,PEJATEN TIMUR,15 s.d 64,Perempuan,90,2016
344,,2016,PROVINSI DKI JAKARTA,JAKARTA SELATAN,PASAR MINGGU,PEJATEN BARAT,15 s.d 64,Perempuan,52,2016
345,,2016,PROVINSI DKI JAKARTA,JAKARTA SELATAN,PASAR MINGGU,KEBAGUSAN,15 s.d 64,Perempuan,77,2016
346,,2016,PROVINSI DKI JAKARTA,JAKARTA SELATAN,KEBAYORAN LAMA,KEBAYORAN LAMA UTARA,15 s.d 64,Perempuan,26,2016
347,,2016,PROVINSI DKI JAKARTA,JAKARTA SELATAN,KEBAYORAN LAMA,PONDOK PINANG,15 s.d 64,Perempuan,80,2016
348,,2016,PROVINSI DKI JAKARTA,JAKARTA SELATAN,KEBAYORAN LAMA,CIPULIR,15 s.d 64,Perempuan,73,2016
349,,2016,PROVINSI DKI JAKARTA,JAKARTA SELATAN,KEBAYORAN LAMA,GROGOL UTARA,15 s.d 64,Perempuan,55,2016
350,,2016,PROVINSI DKI JAKARTA,JAKARTA SELATAN,KEBAYORAN LAMA,GROGOL SELATAN,15 s.d 64,Perempuan,60,2016
351,,2016,PROVINSI DKI JAKARTA,JAKARTA SELATAN,KEBAYORAN LAMA,KEBAYORAN LAMA SELATAN,15 s.d 64,Perempuan,83,2016
352,,2016,PROVINSI DKI JAKARTA,JAKARTA SELATAN,CILANDAK,CILANDAK BARAT,15 s.d 64,Perempuan,40,2016
353,,2016,PROVINSI DKI JAKARTA,JAKARTA SELATAN,CILANDAK,LEBAK BULUS,15 s.d 64,Perempuan,35,2016
354,,2016,PROVINSI DKI JAKARTA,JAKARTA SELATAN,CILANDAK,PONDOK LABU,15 s.d 64,Perempuan,69,2016
355,,2016,PROVINSI DKI JAKARTA,JAKARTA SELATAN,CILANDAK,GANDARIA SELATAN,15 s.d 64,Perempuan,111,2016
356,,2016,PROVINSI DKI JAKARTA,JAKARTA SELATAN,CILANDAK,CIPETE SELATAN,15 s.d 64,Perempuan,53,2016
357,,2016,PROVINSI DKI JAKARTA,JAKARTA SELATAN,KEBAYORAN BARU,MELAWAI,15 s.d 64,Perempuan,4,2016
358,,2016,PROVINSI DKI JAKARTA,JAKARTA SELATAN,KEBAYORAN BARU,GUNUNG,15 s.d 64,Perempuan,21,2016
359,,2016,PROVINSI DKI JAKARTA,JAKARTA SELATAN,KEBAYORAN BARU,KRAMAT PELA,15 s.d 64,Perempuan,34,2016
360,,2016,PROVINSI DKI JAKARTA,JAKARTA SELATAN,KEBAYORAN BARU,SELONG,15 s.d 64,Perempuan,11,2016
361,,2016,PROVINSI DKI JAKARTA,JAKARTA SELATAN,KEBAYORAN BARU,RAWA BARAT,15 s.d 64,Perempuan,17,2016
362,,2016,PROVINSI DKI JAKARTA,JAKARTA SELATAN,KEBAYORAN BARU,SENAYAN,15 s.d 64,Perempuan,5,2016
363,,2016,PROVINSI DKI JAKARTA,JAKARTA SELATAN,KEBAYORAN BARU,PULO,15 s.d 64,Perempuan,7,2016
364,,2016,PROVINSI DKI JAKARTA,JAKARTA SELATAN,KEBAYORAN BARU,PETOGOGAN,15 s.d 64,Perempuan,25,2016
365,,2016,PROVINSI DKI JAKARTA,JAKARTA SELATAN,KEBAYORAN BARU,GANDARIA UTARA,15 s.d 64,Perempuan,33,2016
366,,2016,PROVINSI DKI JAKARTA,JAKARTA SELATAN,KEBAYORAN BARU,CIPETE UTARA,15 s.d 64,Perempuan,99,2016
367,,2016,PROVINSI DKI JAKARTA,JAKARTA SELATAN,PANCORAN,PANCORAN,15 s.d 64,Perempuan,55,2016
368,,2016,PROVINSI DKI JAKARTA,JAKARTA SELATAN,PANCORAN,KALIBATA,15 s.d 64,Perempuan,33,2016
369,,2016,PROVINSI DKI JAKARTA,JAKARTA SELATAN,PANCORAN,RAWA JATI,15 s.d 64,Perempuan,39,2016
370,,2016,PROVINSI DKI JAKARTA,JAKARTA SELATAN,PANCORAN,DUREN TIGA,15 s.d 64,Perempuan,44,2016
371,,2016,PROVINSI DKI JAKARTA,JAKARTA SELATAN,PANCORAN,PENGADEGAN,15 s.d 64,Perempuan,76,2016
372,,2016,PROVINSI DKI JAKARTA,JAKARTA SELATAN,PANCORAN,CIKOKO,15 s.d 64,Perempuan,15,2016
373,,2016,PROVINSI DKI JAKARTA,JAKARTA SELATAN,JAGAKARSA,JAGAKARSA,15 s.d 64,Perempuan,33,2016
374,,2016,PROVINSI DKI JAKARTA,JAKARTA SELATAN,JAGAKARSA,SRENGSENG SAWAH,15 s.d 64,Perempuan,194,2016
375,,2016,PROVINSI DKI JAKARTA,JAKARTA SELATAN,JAGAKARSA,CIGANJUR,15 s.d 64,Perempuan,60,2016
376,,2016,PROVINSI DKI JAKARTA,JAKARTA SELATAN,JAGAKARSA,LENTENG AGUNG,15 s.d 64,Perempuan,114,2016
377,,2016,PROVINSI DKI JAKARTA,JAKARTA SELATAN,JAGAKARSA,TANJUNG BARAT,15 s.d 64,Perempuan,84,2016
378,,2016,PROVINSI DKI JAKARTA,JAKARTA SELATAN,JAGAKARSA,CIPEDAK,15 s.d 64,Perempuan,61,2016
379,,2016,PROVINSI DKI JAKARTA,JAKARTA SELATAN,PESANGGRAHAN,PESANGGRAHAN,15 s.d 64,Perempuan,47,2016
380,,2016,PROVINSI DKI JAKARTA,JAKARTA SELATAN,PESANGGRAHAN,BINTARO,15 s.d 64,Perempuan,61,2016
381,,2016,PROVINSI DKI JAKARTA,JAKARTA SELATAN,PESANGGRAHAN,PETUKANGAN UTARA,15 s.d 64,Perempuan,84,2016
382,,2016,PROVINSI DKI JAKARTA,JAKARTA SELATAN,PESANGGRAHAN,PETUKANGAN SELATAN,15 s.d 64,Perempuan,45,2016
383,,2016,PROVINSI DKI JAKARTA,JAKARTA SELATAN,PESANGGRAHAN,ULUJAMI,15 s.d 64,Perempuan,18,2016
384,,2016,PROVINSI DKI JAKARTA,JAKARTA TIMUR,MATRAMAN,PISANGAN BARU,15 s.d 64,Perempuan,210,2016
385,,2016,PROVINSI DKI JAKARTA,JAKARTA TIMUR,MATRAMAN,UTAN KAYU UTARA,15 s.d 64,Perempuan,36,2016
386,,2016,PROVINSI DKI JAKARTA,JAKARTA TIMUR,MATRAMAN,KAYU MANIS,15 s.d 64,Perempuan,217,2016
387,,2016,PROVINSI DKI JAKARTA,JAKARTA TIMUR,MATRAMAN,PAL MERIAM,15 s.d 64,Perempuan,60,2016
388,,2016,PROVINSI DKI JAKARTA,JAKARTA TIMUR,MATRAMAN,KEBON MANGGIS,15 s.d 64,Perempuan,66,2016
389,,2016,PROVINSI DKI JAKARTA,JAKARTA TIMUR,MATRAMAN,UTAN KAYU SELATAN,15 s.d 64,Perempuan,162,2016
390,,2016,PROVINSI DKI JAKARTA,JAKARTA TIMUR,PULO GADUNG,PULO GADUNG,15 s.d 64,Perempuan,51,2016
391,,2016,PROVINSI DKI JAKARTA,JAKARTA TIMUR,PULO GADUNG,PISANGAN TIMUR,15 s.d 64,Perempuan,143,2016
392,,2016,PROVINSI DKI JAKARTA,JAKARTA TIMUR,PULO GADUNG,CIPINANG,15 s.d 64,Perempuan,130,2016
393,,2016,PROVINSI DKI JAKARTA,JAKARTA TIMUR,PULO GADUNG,JATINEGARA KAUM,15 s.d 64,Perempuan,76,2016
394,,2016,PROVINSI DKI JAKARTA,JAKARTA TIMUR,PULO GADUNG,RAWAMANGUN,15 s.d 64,Perempuan,90,2016
395,,2016,PROVINSI DKI JAKARTA,JAKARTA TIMUR,PULO GADUNG,KAYU PUTIH,15 s.d 64,Perempuan,112,2016
396,,2016,PROVINSI DKI JAKARTA,JAKARTA TIMUR,PULO GADUNG,JATI,15 s.d 64,Perempuan,58,2016
397,,2016,PROVINSI DKI JAKARTA,JAKARTA TIMUR,JATINEGARA,KAMPUNG MELAYU,15 s.d 64,Perempuan,138,2016
398,,2016,PROVINSI DKI JAKARTA,JAKARTA TIMUR,JATINEGARA,BIDARA CINA,15 s.d 64,Perempuan,120,2016
399,,2016,PROVINSI DKI JAKARTA,JAKARTA TIMUR,JATINEGARA,BALI MESTER,15 s.d 64,Perempuan,21,2016
400,,2016,PROVINSI DKI JAKARTA,JAKARTA TIMUR,JATINEGARA,RAWA BUNGA,15 s.d 64,Perempuan,98,2016
401,,2016,PROVINSI DKI JAKARTA,JAKARTA TIMUR,JATINEGARA,CIPINANG CEMPEDAK,15 s.d 64,Perempuan,159,2016
402,,2016,PROVINSI DKI JAKARTA,JAKARTA TIMUR,JATINEGARA,CIPINANG MUARA,15 s.d 64,Perempuan,138,2016
403,,2016,PROVINSI DKI JAKARTA,JAKARTA TIMUR,JATINEGARA,CIPINANG BESAR SELATAN,15 s.d 64,Perempuan,67,2016
404,,2016,PROVINSI DKI JAKARTA,JAKARTA TIMUR,JATINEGARA,CIPINANG BESAR UTARA,15 s.d 64,Perempuan,170,2016
405,,2016,PROVINSI DKI JAKARTA,JAKARTA TIMUR,KRAMAT JATI,KRAMAT JATI,15 s.d 64,Perempuan,101,2016
406,,2016,PROVINSI DKI JAKARTA,JAKARTA TIMUR,KRAMAT JATI,KAMPUNG TENGAH,15 s.d 64,Perempuan,35,2016
407,,2016,PROVINSI DKI JAKARTA,JAKARTA TIMUR,KRAMAT JATI,DUKUH,15 s.d 64,Perempuan,68,2016
408,,2016,PROVINSI DKI JAKARTA,JAKARTA TIMUR,KRAMAT JATI,BATU AMPAR,15 s.d 64,Perempuan,58,2016
409,,2016,PROVINSI DKI JAKARTA,JAKARTA TIMUR,KRAMAT JATI,BALE KAMBANG,15 s.d 64,Perempuan,53,2016
410,,2016,PROVINSI DKI JAKARTA,JAKARTA TIMUR,KRAMAT JATI,CILILITAN,15 s.d 64,Perempuan,138,2016
411,,2016,PROVINSI DKI JAKARTA,JAKARTA TIMUR,KRAMAT JATI,CAWANG,15 s.d 64,Perempuan,161,2016
412,,2016,PROVINSI DKI JAKARTA,JAKARTA TIMUR,PASAR REBO,GEDONG,15 s.d 64,Perempuan,73,2016
413,,2016,PROVINSI DKI JAKARTA,JAKARTA TIMUR,PASAR REBO,BARU,15 s.d 64,Perempuan,63,2016
414,,2016,PROVINSI DKI JAKARTA,JAKARTA TIMUR,PASAR REBO,CIJANTUNG,15 s.d 64,Perempuan,132,2016
415,,2016,PROVINSI DKI JAKARTA,JAKARTA TIMUR,PASAR REBO,KALISARI,15 s.d 64,Perempuan,114,2016
416,,2016,PROVINSI DKI JAKARTA,JAKARTA TIMUR,PASAR REBO,PEKAYON,15 s.d 64,Perempuan,88,2016
417,,2016,PROVINSI DKI JAKARTA,JAKARTA TIMUR,CAKUNG,JATINEGARA,15 s.d 64,Perempuan,61,2016
418,,2016,PROVINSI DKI JAKARTA,JAKARTA TIMUR,CAKUNG,RAWA TERATE,15 s.d 64,Perempuan,198,2016
419,,2016,PROVINSI DKI JAKARTA,JAKARTA TIMUR,CAKUNG,PENGGILINGAN,15 s.d 64,Perempuan,184,2016
420,,2016,PROVINSI DKI JAKARTA,JAKARTA TIMUR,CAKUNG,CAKUNG TIMUR,15 s.d 64,Perempuan,145,2016
421,,2016,PROVINSI DKI JAKARTA,JAKARTA TIMUR,CAKUNG,PULO GEBANG,15 s.d 64,Perempuan,93,2016
422,,2016,PROVINSI DKI JAKARTA,JAKARTA TIMUR,CAKUNG,UJUNG MENTENG,15 s.d 64,Perempuan,75,2016
423,,2016,PROVINSI DKI JAKARTA,JAKARTA TIMUR,CAKUNG,CAKUNG BARAT,15 s.d 64,Perempuan,379,2016
424,,2016,PROVINSI DKI JAKARTA,JAKARTA TIMUR,DUREN SAWIT,DUREN SAWIT,15 s.d 64,Perempuan,243,2016
425,,2016,PROVINSI DKI JAKARTA,JAKARTA TIMUR,DUREN SAWIT,PONDOK BAMBU,15 s.d 64,Perempuan,121,2016
426,,2016,PROVINSI DKI JAKARTA,JAKARTA TIMUR,DUREN SAWIT,KLENDER,15 s.d 64,Perempuan,146,2016
427,,2016,PROVINSI DKI JAKARTA,JAKARTA TIMUR,DUREN SAWIT,PONDOK KELAPA,15 s.d 64,Perempuan,94,2016
428,,2016,PROVINSI DKI JAKARTA,JAKARTA TIMUR,DUREN SAWIT,MALAKA SARI,15 s.d 64,Perempuan,82,2016
429,,2016,PROVINSI DKI JAKARTA,JAKARTA TIMUR,DUREN SAWIT,MALAKA JAYA,15 s.d 64,Perempuan,100,2016
430,,2016,PROVINSI DKI JAKARTA,JAKARTA TIMUR,DUREN SAWIT,PONDOK KOPI,15 s.d 64,Perempuan,106,2016
431,,2016,PROVINSI DKI JAKARTA,JAKARTA TIMUR,MAKASAR,MAKASAR,15 s.d 64,Perempuan,139,2016
432,,2016,PROVINSI DKI JAKARTA,JAKARTA TIMUR,MAKASAR,PINANG RANTI,15 s.d 64,Perempuan,28,2016
433,,2016,PROVINSI DKI JAKARTA,JAKARTA TIMUR,MAKASAR,KEBON PALA,15 s.d 64,Perempuan,142,2016
434,,2016,PROVINSI DKI JAKARTA,JAKARTA TIMUR,MAKASAR,HALIM PERDANA KUSUMAH,15 s.d 64,Perempuan,76,2016
435,,2016,PROVINSI DKI JAKARTA,JAKARTA TIMUR,MAKASAR,CIPINANG MELAYU,15 s.d 64,Perempuan,85,2016
436,,2016,PROVINSI DKI JAKARTA,JAKARTA TIMUR,CIRACAS,CIRACAS,15 s.d 64,Perempuan,184,2016
437,,2016,PROVINSI DKI JAKARTA,JAKARTA TIMUR,CIRACAS,CIBUBUR,15 s.d 64,Perempuan,189,2016
438,,2016,PROVINSI DKI JAKARTA,JAKARTA TIMUR,CIRACAS,KELAPA DUA WETAN,15 s.d 64,Perempuan,135,2016
439,,2016,PROVINSI DKI JAKARTA,JAKARTA TIMUR,CIRACAS,SUSUKAN,15 s.d 64,Perempuan,82,2016
440,,2016,PROVINSI DKI JAKARTA,JAKARTA TIMUR,CIRACAS,RAMBUTAN,15 s.d 64,Perempuan,113,2016
441,,2016,PROVINSI DKI JAKARTA,JAKARTA TIMUR,CIPAYUNG,CIPAYUNG,15 s.d 64,Perempuan,611,2016
442,,2016,PROVINSI DKI JAKARTA,JAKARTA TIMUR,CIPAYUNG,CILANGKAP,15 s.d 64,Perempuan,26,2016
443,,2016,PROVINSI DKI JAKARTA,JAKARTA TIMUR,CIPAYUNG,PONDOK RANGGON,15 s.d 64,Perempuan,73,2016
444,,2016,PROVINSI DKI JAKARTA,JAKARTA TIMUR,CIPAYUNG,MUNJUL,15 s.d 64,Perempuan,101,2016
445,,2016,PROVINSI DKI JAKARTA,JAKARTA TIMUR,CIPAYUNG,SETU,15 s.d 64,Perempuan,20,2016
446,,2016,PROVINSI DKI JAKARTA,JAKARTA TIMUR,CIPAYUNG,BAMBU APUS,15 s.d 64,Perempuan,27,2016
447,,2016,PROVINSI DKI JAKARTA,JAKARTA TIMUR,CIPAYUNG,LUBANG BUAYA,15 s.d 64,Perempuan,65,2016
448,,2016,PROVINSI DKI JAKARTA,JAKARTA TIMUR,CIPAYUNG,CEGER,15 s.d 64,Perempuan,101,2016
449,,2016,PROVINSI DKI JAKARTA,JAKARTA TIMUR,PULO GADUNG,KAYU PUTIH,15 s.d 64,Laki-laki,129,2016
450,,2016,PROVINSI DKI JAKARTA,JAKARTA TIMUR,PULO GADUNG,JATI,15 s.d 64,Laki-laki,44,2016
451,,2016,PROVINSI DKI JAKARTA,JAKARTA TIMUR,JATINEGARA,KAMPUNG MELAYU,15 s.d 64,Laki-laki,179,2016
452,,2016,PROVINSI DKI JAKARTA,JAKARTA TIMUR,JATINEGARA,BIDARA CINA,15 s.d 64,Laki-laki,109,2016
453,,2016,PROVINSI DKI JAKARTA,JAKARTA TIMUR,JATINEGARA,BALI MESTER,15 s.d 64,Laki-laki,17,2016
454,,2016,PROVINSI DKI JAKARTA,JAKARTA TIMUR,JATINEGARA,RAWA BUNGA,15 s.d 64,Laki-laki,131,2016
455,,2016,PROVINSI DKI JAKARTA,JAKARTA TIMUR,JATINEGARA,CIPINANG CEMPEDAK,15 s.d 64,Laki-laki,127,2016
456,,2016,PROVINSI DKI JAKARTA,JAKARTA TIMUR,JATINEGARA,CIPINANG MUARA,15 s.d 64,Laki-laki,202,2016
457,,2016,PROVINSI DKI JAKARTA,JAKARTA TIMUR,JATINEGARA,CIPINANG BESAR SELATAN,15 s.d 64,Laki-laki,115,2016
458,,2016,PROVINSI DKI JAKARTA,JAKARTA TIMUR,JATINEGARA,CIPINANG BESAR UTARA,15 s.d 64,Laki-laki,246,2016
459,,2016,PROVINSI DKI JAKARTA,JAKARTA TIMUR,KRAMAT JATI,KRAMAT JATI,15 s.d 64,Laki-laki,129,2016
460,,2016,PROVINSI DKI JAKARTA,JAKARTA TIMUR,KRAMAT JATI,KAMPUNG TENGAH,15 s.d 64,Laki-laki,41,2016
461,,2016,PROVINSI DKI JAKARTA,JAKARTA TIMUR,KRAMAT JATI,DUKUH,15 s.d 64,Laki-laki,102,2016
462,,2016,PROVINSI DKI JAKARTA,JAKARTA TIMUR,KRAMAT JATI,BATU AMPAR,15 s.d 64,Laki-laki,67,2016
463,,2016,PROVINSI DKI JAKARTA,JAKARTA TIMUR,KRAMAT JATI,BALE KAMBANG,15 s.d 64,Laki-laki,50,2016
464,,2016,PROVINSI DKI JAKARTA,JAKARTA TIMUR,KRAMAT JATI,CILILITAN,15 s.d 64,Laki-laki,241,2016
465,,2016,PROVINSI DKI JAKARTA,JAKARTA TIMUR,KRAMAT JATI,CAWANG,15 s.d 64,Laki-laki,231,2016
466,,2016,PROVINSI DKI JAKARTA,JAKARTA TIMUR,PASAR REBO,GEDONG,15 s.d 64,Laki-laki,132,2016
467,,2016,PROVINSI DKI JAKARTA,JAKARTA TIMUR,PASAR REBO,BARU,15 s.d 64,Laki-laki,158,2016
468,,2016,PROVINSI DKI JAKARTA,JAKARTA TIMUR,PASAR REBO,CIJANTUNG,15 s.d 64,Laki-laki,166,2016
469,,2016,PROVINSI DKI JAKARTA,JAKARTA TIMUR,PASAR REBO,KALISARI,15 s.d 64,Laki-laki,190,2016
470,,2016,PROVINSI DKI JAKARTA,JAKARTA TIMUR,PASAR REBO,PEKAYON,15 s.d 64,Laki-laki,151,2016
471,,2016,PROVINSI DKI JAKARTA,JAKARTA TIMUR,CAKUNG,JATINEGARA,15 s.d 64,Laki-laki,57,2016
472,,2016,PROVINSI DKI JAKARTA,JAKARTA TIMUR,CAKUNG,RAWA TERATE,15 s.d 64,Laki-laki,407,2016
473,,2016,PROVINSI DKI JAKARTA,JAKARTA TIMUR,CAKUNG,PENGGILINGAN,15 s.d 64,Laki-laki,330,2016
474,,2016,PROVINSI DKI JAKARTA,JAKARTA TIMUR,CAKUNG,CAKUNG TIMUR,15 s.d 64,Laki-laki,174,2016
475,,2016,PROVINSI DKI JAKARTA,JAKARTA TIMUR,CAKUNG,PULO GEBANG,15 s.d 64,Laki-laki,96,2016
476,,2016,PROVINSI DKI JAKARTA,JAKARTA TIMUR,CAKUNG,UJUNG MENTENG,15 s.d 64,Laki-laki,108,2016
477,,2016,PROVINSI DKI JAKARTA,JAKARTA TIMUR,CAKUNG,CAKUNG BARAT,15 s.d 64,Laki-laki,602,2016
478,,2016,PROVINSI DKI JAKARTA,JAKARTA TIMUR,DUREN SAWIT,DUREN SAWIT,15 s.d 64,Laki-laki,359,2016
479,,2016,PROVINSI DKI JAKARTA,JAKARTA TIMUR,DUREN SAWIT,PONDOK BAMBU,15 s.d 64,Laki-laki,123,2016
480,,2016,PROVINSI DKI JAKARTA,JAKARTA TIMUR,DUREN SAWIT,KLENDER,15 s.d 64,Laki-laki,197,2016
481,,2016,PROVINSI DKI JAKARTA,JAKARTA TIMUR,DUREN SAWIT,PONDOK KELAPA,15 s.d 64,Laki-laki,128,2016
482,,2016,PROVINSI DKI JAKARTA,JAKARTA TIMUR,DUREN SAWIT,MALAKA SARI,15 s.d 64,Laki-laki,97,2016
483,,2016,PROVINSI DKI JAKARTA,JAKARTA TIMUR,DUREN SAWIT,MALAKA JAYA,15 s.d 64,Laki-laki,127,2016
484,,2016,PROVINSI DKI JAKARTA,JAKARTA TIMUR,DUREN SAWIT,PONDOK KOPI,15 s.d 64,Laki-laki,148,2016
485,,2016,PROVINSI DKI JAKARTA,JAKARTA TIMUR,MAKASAR,MAKASAR,15 s.d 64,Laki-laki,213,2016
486,,2016,PROVINSI DKI JAKARTA,JAKARTA TIMUR,MAKASAR,PINANG RANTI,15 s.d 64,Laki-laki,46,2016
487,,2016,PROVINSI DKI JAKARTA,JAKARTA TIMUR,MAKASAR,KEBON PALA,15 s.d 64,Laki-laki,213,2016
488,,2016,PROVINSI DKI JAKARTA,JAKARTA TIMUR,MAKASAR,HALIM PERDANA KUSUMAH,15 s.d 64,Laki-laki,155,2016
489,,2016,PROVINSI DKI JAKARTA,JAKARTA TIMUR,MAKASAR,CIPINANG MELAYU,15 s.d 64,Laki-laki,104,2016
490,,2016,PROVINSI DKI JAKARTA,JAKARTA TIMUR,CIRACAS,CIRACAS,15 s.d 64,Laki-laki,318,2016
491,,2016,PROVINSI DKI JAKARTA,JAKARTA TIMUR,CIRACAS,CIBUBUR,15 s.d 64,Laki-laki,280,2016
492,,2016,PROVINSI DKI JAKARTA,JAKARTA TIMUR,CIRACAS,KELAPA DUA WETAN,15 s.d 64,Laki-laki,222,2016
493,,2016,PROVINSI DKI JAKARTA,JAKARTA TIMUR,CIRACAS,SUSUKAN,15 s.d 64,Laki-laki,148,2016
494,,2016,PROVINSI DKI JAKARTA,JAKARTA TIMUR,CIRACAS,RAMBUTAN,15 s.d 64,Laki-laki,147,2016
495,,2016,PROVINSI DKI JAKARTA,JAKARTA TIMUR,CIPAYUNG,CIPAYUNG,15 s.d 64,Laki-laki,730,2016
496,,2016,PROVINSI DKI JAKARTA,JAKARTA TIMUR,CIPAYUNG,CILANGKAP,15 s.d 64,Laki-laki,42,2016
497,,2016,PROVINSI DKI JAKARTA,JAKARTA TIMUR,CIPAYUNG,PONDOK RANGGON,15 s.d 64,Laki-laki,90,2016
498,,2016,PROVINSI DKI JAKARTA,JAKARTA TIMUR,CIPAYUNG,MUNJUL,15 s.d 64,Laki-laki,181,2016
499,,2016,PROVINSI DKI JAKARTA,JAKARTA TIMUR,CIPAYUNG,SETU,15 s.d 64,Laki-laki,20,2016
500,,2016,PROVINSI DKI JAKARTA,JAKARTA TIMUR,CIPAYUNG,BAMBU APUS,15 s.d 64,Laki-laki,38,2016
501,,2016,PROVINSI DKI JAKARTA,JAKARTA TIMUR,CIPAYUNG,LUBANG BUAYA,15 s.d 64,Laki-laki,101,2016
502,,2016,PROVINSI DKI JAKARTA,JAKARTA TIMUR,CIPAYUNG,CEGER,15 s.d 64,Laki-laki,162,2016
503,,2016,PROVINSI DKI JAKARTA,KAB.ADM.KEP.SERIBU,KEP. SERIBU UTR,P. PANGGANG,15 s.d 64,Perempuan,50,2016
504,,2016,PROVINSI DKI JAKARTA,KAB.ADM.KEP.SERIBU,KEP. SERIBU UTR,P. KELAPA,15 s.d 64,Perempuan,51,2016
505,,2016,PROVINSI DKI JAKARTA,KAB.ADM.KEP.SERIBU,KEP. SERIBU UTR,P. HARAPAN,15 s.d 64,Perempuan,20,2016
506,,2016,PROVINSI DKI JAKARTA,KAB.ADM.KEP.SERIBU,KEP. SERIBU SLT,P. UNTUNG JAWA,15 s.d 64,Perempuan,24,2016
507,,2016,PROVINSI DKI JAKARTA,KAB.ADM.KEP.SERIBU,KEP. SERIBU SLT,P. TIDUNG,15 s.d 64,Perempuan,56,2016
508,,2016,PROVINSI DKI JAKARTA,KAB.ADM.KEP.SERIBU,KEP. SERIBU SLT,P. PARI,15 s.d 64,Perempuan,21,2016
509,,2016,PROVINSI DKI JAKARTA,JAKARTA PUSAT,GAMBIR,GAMBIR,15 s.d 64,Perempuan,3,2016
510,,2016,PROVINSI DKI JAKARTA,JAKARTA PUSAT,GAMBIR,CIDENG,15 s.d 64,Perempuan,34,2016
511,,2016,PROVINSI DKI JAKARTA,JAKARTA PUSAT,GAMBIR,PETOJO UTARA,15 s.d 64,Perempuan,54,2016
512,,2016,PROVINSI DKI JAKARTA,JAKARTA PUSAT,GAMBIR,PETOJO SELATAN,15 s.d 64,Perempuan,59,2016
513,,2016,PROVINSI DKI JAKARTA,JAKARTA PUSAT,GAMBIR,KEBON KELAPA,15 s.d 64,Perempuan,25,2016
514,,2016,PROVINSI DKI JAKARTA,JAKARTA PUSAT,GAMBIR,DURI PULO,15 s.d 64,Perempuan,104,2016
515,,2016,PROVINSI DKI JAKARTA,JAKARTA PUSAT,SAWAH BESAR,PASAR BARU,15 s.d 64,Perempuan,66,2016
516,,2016,PROVINSI DKI JAKARTA,JAKARTA PUSAT,SAWAH BESAR,KARANG ANYAR,15 s.d 64,Perempuan,80,2016
517,,2016,PROVINSI DKI JAKARTA,JAKARTA PUSAT,SAWAH BESAR,KARTINI,15 s.d 64,Perempuan,61,2016
518,,2016,PROVINSI DKI JAKARTA,JAKARTA PUSAT,SAWAH BESAR,GUNUNG SAHARI UTARA,15 s.d 64,Perempuan,54,2016
519,,2016,PROVINSI DKI JAKARTA,JAKARTA PUSAT,SAWAH BESAR,MANGGA DUA SELATAN,15 s.d 64,Perempuan,69,2016
520,,2016,PROVINSI DKI JAKARTA,JAKARTA PUSAT,KEMAYORAN,KEMAYORAN,15 s.d 64,Perempuan,90,2016
521,,2016,PROVINSI DKI JAKARTA,JAKARTA PUSAT,KEMAYORAN,KEBON KOSONG,15 s.d 64,Perempuan,111,2016
522,,2016,PROVINSI DKI JAKARTA,JAKARTA PUSAT,KEMAYORAN,HARAPAN MULIA,15 s.d 64,Perempuan,52,2016
523,,2016,PROVINSI DKI JAKARTA,JAKARTA PUSAT,KEMAYORAN,SERDANG,15 s.d 64,Perempuan,78,2016
524,,2016,PROVINSI DKI JAKARTA,JAKARTA PUSAT,KEMAYORAN,GUNUNG SAHARI SELATAN,15 s.d 64,Perempuan,42,2016
525,,2016,PROVINSI DKI JAKARTA,JAKARTA PUSAT,KEMAYORAN,CEMPAKA BARU,15 s.d 64,Perempuan,112,2016
526,,2016,PROVINSI DKI JAKARTA,JAKARTA PUSAT,KEMAYORAN,SUMUR BATU,15 s.d 64,Perempuan,54,2016
527,,2016,PROVINSI DKI JAKARTA,JAKARTA PUSAT,KEMAYORAN,UTAN PANJANG,15 s.d 64,Perempuan,101,2016
528,,2016,PROVINSI DKI JAKARTA,JAKARTA PUSAT,SENEN,SENEN,15 s.d 64,Perempuan,21,2016
529,,2016,PROVINSI DKI JAKARTA,JAKARTA PUSAT,SENEN,KENARI,15 s.d 64,Perempuan,38,2016
530,,2016,PROVINSI DKI JAKARTA,JAKARTA PUSAT,SENEN,PASEBAN,15 s.d 64,Perempuan,158,2016
531,,2016,PROVINSI DKI JAKARTA,JAKARTA PUSAT,SENEN,KRAMAT,15 s.d 64,Perempuan,131,2016
532,,2016,PROVINSI DKI JAKARTA,JAKARTA PUSAT,SENEN,KWITANG,15 s.d 64,Perempuan,55,2016
533,,2016,PROVINSI DKI JAKARTA,JAKARTA PUSAT,SENEN,BUNGUR,15 s.d 64,Perempuan,46,2016
534,,2016,PROVINSI DKI JAKARTA,JAKARTA PUSAT,CEMPAKA PUTIH,CEMPAKA PUTIH TIMUR,15 s.d 64,Perempuan,42,2016
